Title,Company,Location,Apply
Software Engineer - Entry Level - Java,Xybion Digital,"Chennai, Tamil Nadu, India","<a href=""https://in.linkedin.com/jobs/view/software-engineer-entry-level-java-at-xybion-digital-3787789341?refId=rNfp0%2FL67FlgqPvGhILJmQ%3D%3D&trackingId=q5gbsbojkvLHox%2F2UDx28Q%3D%3D&position=1&pageNum=0&trk=public_jobs_jserp-result_search-card"">Apply</a>"
Data Engineer - AWS,Kezan Consulting- A Unit of Kezan India Private Limited,"Mumbai, Maharashtra, India","<a href=""https://in.linkedin.com/jobs/view/data-engineer-aws-at-kezan-consulting-a-unit-of-kezan-india-private-limited-3787947834?refId=rNfp0%2FL67FlgqPvGhILJmQ%3D%3D&trackingId=tBLb4cI6rqljVdXjcm%2FSYw%3D%3D&position=2&pageNum=0&trk=public_jobs_jserp-result_search-card"">Apply</a>"
Database Engineer,West Technology Group,"Bengaluru, Karnataka, India","<a href=""https://in.linkedin.com/jobs/view/database-engineer-at-west-technology-group-3766706974?refId=rNfp0%2FL67FlgqPvGhILJmQ%3D%3D&trackingId=XnBijPYCzgE8a6tuQqhRyA%3D%3D&position=3&pageNum=0&trk=public_jobs_jserp-result_search-card"">Apply</a>"
Snowflake Developer/Data Engineer - SQL/Python,WorkiFicient,"Pune, Maharashtra, India","<a href=""https://in.linkedin.com/jobs/view/snowflake-developer-data-engineer-sql-python-at-workificient-3782845183?refId=rNfp0%2FL67FlgqPvGhILJmQ%3D%3D&trackingId=LgsEcK8D7vYjCKSk4KroYg%3D%3D&position=4&pageNum=0&trk=public_jobs_jserp-result_search-card"">Apply</a>"
Associate Software Engineer Intern,WebGo Software Labs,India,"<a href=""https://in.linkedin.com/jobs/view/associate-software-engineer-intern-at-webgo-software-labs-3788336038?refId=rNfp0%2FL67FlgqPvGhILJmQ%3D%3D&trackingId=fTFXwhhvtt%2B8mFRpsiqdjg%3D%3D&position=5&pageNum=0&trk=public_jobs_jserp-result_search-card"">Apply</a>"
Data Analyst - Python,Tulā Capital,India,"<a href=""https://in.linkedin.com/jobs/view/data-analyst-python-at-tul%C4%81-capital-3786090959?refId=rNfp0%2FL67FlgqPvGhILJmQ%3D%3D&trackingId=GPuJJINGkIQ%2FBjrqFjLNfQ%3D%3D&position=6&pageNum=0&trk=public_jobs_jserp-result_search-card"">Apply</a>"
Azure Developer/Data Engineer - SQL/Python,WorkiFicient,"Pune, Maharashtra, India","<a href=""https://in.linkedin.com/jobs/view/azure-developer-data-engineer-sql-python-at-workificient-3782844345?refId=rNfp0%2FL67FlgqPvGhILJmQ%3D%3D&trackingId=zGI0nTk37cGNhGEw4upjcA%3D%3D&position=7&pageNum=0&trk=public_jobs_jserp-result_search-card"">Apply</a>"
Data Engineer,GoGroup,"Noida, Uttar Pradesh, India","<a href=""https://in.linkedin.com/jobs/view/data-engineer-at-gogroup-3782834591?refId=rNfp0%2FL67FlgqPvGhILJmQ%3D%3D&trackingId=l6rgNhPytdvmO1G84iVG6Q%3D%3D&position=8&pageNum=0&trk=public_jobs_jserp-result_search-card"">Apply</a>"
data analyst,esyconnect career,India,"<a href=""https://in.linkedin.com/jobs/view/data-analyst-at-esyconnect-career-3782855398?refId=rNfp0%2FL67FlgqPvGhILJmQ%3D%3D&trackingId=fHFsPp6DxPqOFugAC6hdlw%3D%3D&position=9&pageNum=0&trk=public_jobs_jserp-result_search-card"">Apply</a>"
Data Engineer,Trigyn Technologies,"Bengaluru, Karnataka, India","<a href=""https://in.linkedin.com/jobs/view/data-engineer-at-trigyn-technologies-3785770934?refId=rNfp0%2FL67FlgqPvGhILJmQ%3D%3D&trackingId=TA0PyljkqM3OVpFwuSmAGQ%3D%3D&position=10&pageNum=0&trk=public_jobs_jserp-result_search-card"">Apply</a>"
Customer Data Analyst,Poppulo,Greater Bengaluru Area,"<a href=""https://in.linkedin.com/jobs/view/customer-data-analyst-at-poppulo-3785753043?refId=rNfp0%2FL67FlgqPvGhILJmQ%3D%3D&trackingId=HxmSBz1EBirLP59BAIDIDA%3D%3D&position=11&pageNum=0&trk=public_jobs_jserp-result_search-card"">Apply</a>"
Data Analyst,PERSOLKELLY,"Chennai, Tamil Nadu, India","<a href=""https://in.linkedin.com/jobs/view/data-analyst-at-persolkelly-3786039755?refId=rNfp0%2FL67FlgqPvGhILJmQ%3D%3D&trackingId=MI6g2A%2FiAnQUoiqM8sLylg%3D%3D&position=12&pageNum=0&trk=public_jobs_jserp-result_search-card"">Apply</a>"
Data Engineer,The Brain Hawk Consultant,"Jaipur, Rajasthan, India","<a href=""https://in.linkedin.com/jobs/view/data-engineer-at-the-brain-hawk-consultant-3782811800?refId=rNfp0%2FL67FlgqPvGhILJmQ%3D%3D&trackingId=D8eVdhiiFwm5v%2B%2BpDZ2K3w%3D%3D&position=13&pageNum=0&trk=public_jobs_jserp-result_search-card"">Apply</a>"
Software Design Engineer- Lightning job by Cutshort ⚡,OnlineSales.ai,"Pune, Maharashtra, India","<a href=""https://in.linkedin.com/jobs/view/software-design-engineer-lightning-job-by-cutshort-%E2%9A%A1-at-onlinesales-ai-3786083734?refId=rNfp0%2FL67FlgqPvGhILJmQ%3D%3D&trackingId=AlmfjYWUbsDdgnO1hfVHAA%3D%3D&position=14&pageNum=0&trk=public_jobs_jserp-result_search-card"">Apply</a>"
Software Engineer 1 - QA Engineer,Digital Green,"Bengaluru, Karnataka, India","<a href=""https://in.linkedin.com/jobs/view/software-engineer-1-qa-engineer-at-digital-green-3787741411?refId=rNfp0%2FL67FlgqPvGhILJmQ%3D%3D&trackingId=ZkyGxFaPAlx%2FLdy77nthoQ%3D%3D&position=15&pageNum=0&trk=public_jobs_jserp-result_search-card"">Apply</a>"
Software Development Engineer 1,AMD,"Bengaluru, Karnataka, India","<a href=""https://in.linkedin.com/jobs/view/software-development-engineer-1-at-amd-3782835967?refId=rNfp0%2FL67FlgqPvGhILJmQ%3D%3D&trackingId=2LFISFQufCLOVuW6rAVxhA%3D%3D&position=16&pageNum=0&trk=public_jobs_jserp-result_search-card"">Apply</a>"
Azure Data Engineer,Unijob Solution & Training Pvt Ltd,"Mumbai, Maharashtra, India","<a href=""https://in.linkedin.com/jobs/view/azure-data-engineer-at-unijob-solution-training-pvt-ltd-3782821549?refId=rNfp0%2FL67FlgqPvGhILJmQ%3D%3D&trackingId=jMNlwCfpxOZP6aMHj56Z8Q%3D%3D&position=17&pageNum=0&trk=public_jobs_jserp-result_search-card"">Apply</a>"
Software Engineer,ByteBees,India,"<a href=""https://in.linkedin.com/jobs/view/software-engineer-at-bytebees-3788340553?refId=rNfp0%2FL67FlgqPvGhILJmQ%3D%3D&trackingId=8vAdTl7q3iUPRvfJN%2Ffa4w%3D%3D&position=18&pageNum=0&trk=public_jobs_jserp-result_search-card"">Apply</a>"
Software Engineer,GoGroup,"Noida, Uttar Pradesh, India","<a href=""https://in.linkedin.com/jobs/view/software-engineer-at-gogroup-3782834571?refId=rNfp0%2FL67FlgqPvGhILJmQ%3D%3D&trackingId=IdQqX%2BbhttRl%2F5vOKg1J4w%3D%3D&position=19&pageNum=0&trk=public_jobs_jserp-result_search-card"">Apply</a>"
Interesting Job Opportunity: Nerdapplabs - Data Engineer - Google Cloud Platform,nerdAppLabs Software Solutions Private Limited,"Noida, Uttar Pradesh, India","<a href=""https://in.linkedin.com/jobs/view/interesting-job-opportunity-nerdapplabs-data-engineer-google-cloud-platform-at-nerdapplabs-software-solutions-private-limited-3782840870?refId=rNfp0%2FL67FlgqPvGhILJmQ%3D%3D&trackingId=fBITL0RmGys41YWTExNTNw%3D%3D&position=20&pageNum=0&trk=public_jobs_jserp-result_search-card"">Apply</a>"
Software Engineer - Java,First Advantage,"Bengaluru, Karnataka, India","<a href=""https://in.linkedin.com/jobs/view/software-engineer-java-at-first-advantage-3787783616?refId=rNfp0%2FL67FlgqPvGhILJmQ%3D%3D&trackingId=CM1DLdm6cmm%2FXfUT8yqg0w%3D%3D&position=21&pageNum=0&trk=public_jobs_jserp-result_search-card"">Apply</a>"
Software Engineer (15-40LPA),Mercor,India,"<a href=""https://in.linkedin.com/jobs/view/software-engineer-15-40lpa-at-mercor-3775425503?refId=rNfp0%2FL67FlgqPvGhILJmQ%3D%3D&trackingId=36smlVtN2pIwy5DIESMqqg%3D%3D&position=22&pageNum=0&trk=public_jobs_jserp-result_search-card"">Apply</a>"
"Databricks, Pyspark, Spark,Python, Azure data technologies, SQL.",Fusion Plus Solutions Inc,"Hyderabad, Telangana, India","<a href=""https://in.linkedin.com/jobs/view/databricks-pyspark-spark-python-azure-data-technologies-sql-at-fusion-plus-solutions-inc-3782826386?refId=rNfp0%2FL67FlgqPvGhILJmQ%3D%3D&trackingId=FTv9MmU1MpRNy7SnZ7DflQ%3D%3D&position=23&pageNum=0&trk=public_jobs_jserp-result_search-card"">Apply</a>"
AWS Data Engineer - Python/PySpark,Marktine Technology Solutions Pvt Ltd,Greater Kolkata Area,"<a href=""https://in.linkedin.com/jobs/view/aws-data-engineer-python-pyspark-at-marktine-technology-solutions-pvt-ltd-3782843356?refId=rNfp0%2FL67FlgqPvGhILJmQ%3D%3D&trackingId=0YbVFCyuxXHS24%2Bha%2BeD3g%3D%3D&position=24&pageNum=0&trk=public_jobs_jserp-result_search-card"">Apply</a>"
Sales Officer - HL and Mortgages,Rojgari Placements Pvt Ltd,"Delhi, Delhi, India","<a href=""https://in.linkedin.com/jobs/view/sales-officer-hl-and-mortgages-at-rojgari-placements-pvt-ltd-3786013429?refId=FasK5p6cca5DRMuUPtPQfQ%3D%3D&trackingId=oeR9PJCI3L06qBWDkzvuDQ%3D%3D&position=1&pageNum=0&trk=public_jobs_jserp-result_search-card"">Apply</a>"
Sr. Software Engineer - Dot NET Developer,NEPRA - Let's Recycle,"Ahmedabad, Gujarat, India","<a href=""https://in.linkedin.com/jobs/view/sr-software-engineer-dot-net-developer-at-nepra-let-s-recycle-3787959921?refId=FasK5p6cca5DRMuUPtPQfQ%3D%3D&trackingId=3D64a%2B%2BifihY2gvmW6hAug%3D%3D&position=2&pageNum=0&trk=public_jobs_jserp-result_search-card"">Apply</a>"
Software Development Engineer II - iOS Mobile Apps,TIGI HR ®,"Bengaluru, Karnataka, India","<a href=""https://in.linkedin.com/jobs/view/software-development-engineer-ii-ios-mobile-apps-at-tigi-hr-%C2%AE-3782841655?refId=FasK5p6cca5DRMuUPtPQfQ%3D%3D&trackingId=mFGMJVHovGhRJphZEYBoFQ%3D%3D&position=3&pageNum=0&trk=public_jobs_jserp-result_search-card"">Apply</a>"
Data Engineer,The Brain Hawk Consultant,"Jaipur, Rajasthan, India","<a href=""https://in.linkedin.com/jobs/view/data-engineer-at-the-brain-hawk-consultant-3782811800?refId=FasK5p6cca5DRMuUPtPQfQ%3D%3D&trackingId=ldiBx28uNSG6UBZ06qOTPQ%3D%3D&position=5&pageNum=0&trk=public_jobs_jserp-result_search-card"">Apply</a>"
Software Engineer (15-40LPA),Mercor,India,"<a href=""https://in.linkedin.com/jobs/view/software-engineer-15-40lpa-at-mercor-3775425503?refId=FasK5p6cca5DRMuUPtPQfQ%3D%3D&trackingId=1Tk5CVug%2BcGsvJvng9i5MA%3D%3D&position=7&pageNum=0&trk=public_jobs_jserp-result_search-card"">Apply</a>"
SAP Release Management Engineer,A.P. Moller - Maersk,"Pune, Maharashtra, India","<a href=""https://in.linkedin.com/jobs/view/sap-release-management-engineer-at-a-p-moller-maersk-3739118221?refId=FasK5p6cca5DRMuUPtPQfQ%3D%3D&trackingId=3rz6qn58AhEPTi%2Fj3gbnhw%3D%3D&position=8&pageNum=0&trk=public_jobs_jserp-result_search-card"">Apply</a>"
Snapmint - Backend Developer - Node.js,Snapmint,"Navi Mumbai, Maharashtra, India","<a href=""https://in.linkedin.com/jobs/view/snapmint-backend-developer-node-js-at-snapmint-3782841662?refId=FasK5p6cca5DRMuUPtPQfQ%3D%3D&trackingId=vAGFJpaAbg7htf10WjBcmA%3D%3D&position=9&pageNum=0&trk=public_jobs_jserp-result_search-card"">Apply</a>"
Data Analyst,PERSOLKELLY,"Chennai, Tamil Nadu, India","<a href=""https://in.linkedin.com/jobs/view/data-analyst-at-persolkelly-3786039755?refId=FasK5p6cca5DRMuUPtPQfQ%3D%3D&trackingId=qyBYZ1NPoTPI1hQQLtuxlg%3D%3D&position=10&pageNum=0&trk=public_jobs_jserp-result_search-card"">Apply</a>"
Snapmint - PHP Engineer - Shopify/WooCommerce,Snapmint,"Navi Mumbai, Maharashtra, India","<a href=""https://in.linkedin.com/jobs/view/snapmint-php-engineer-shopify-woocommerce-at-snapmint-3782843354?refId=FasK5p6cca5DRMuUPtPQfQ%3D%3D&trackingId=OmbyGr5jSGa0TEjK6Rjcbg%3D%3D&position=11&pageNum=0&trk=public_jobs_jserp-result_search-card"">Apply</a>"
Senior Consultant,Virtusa,"Chennai, Tamil Nadu, India","<a href=""https://in.linkedin.com/jobs/view/senior-consultant-at-virtusa-3788080067?refId=FasK5p6cca5DRMuUPtPQfQ%3D%3D&trackingId=C4UfQwTIwUWB0az55KEsPA%3D%3D&position=13&pageNum=0&trk=public_jobs_jserp-result_search-card"">Apply</a>"
Interesting Job Opportunity: M2P Fintech - Software Development Engineer - Java Applications,M2P Fintech,"Chennai, Tamil Nadu, India","<a href=""https://in.linkedin.com/jobs/view/interesting-job-opportunity-m2p-fintech-software-development-engineer-java-applications-at-m2p-fintech-3782839976?refId=FasK5p6cca5DRMuUPtPQfQ%3D%3D&trackingId=SV2eQ6BgrSbPd5xjG4RJQg%3D%3D&position=15&pageNum=0&trk=public_jobs_jserp-result_search-card"">Apply</a>"
Staff Data Scientist,Walmart Global Tech India,"Bengaluru, Karnataka, India","<a href=""https://in.linkedin.com/jobs/view/staff-data-scientist-at-walmart-global-tech-india-3728957345?refId=FasK5p6cca5DRMuUPtPQfQ%3D%3D&trackingId=k0AWipAOSOcGrkwDs4NSig%3D%3D&position=16&pageNum=0&trk=public_jobs_jserp-result_search-card"">Apply</a>"
Fullstack Software Engineer (Ruby on Rails),Decent,"Hyderabad, Telangana, India","<a href=""https://in.linkedin.com/jobs/view/fullstack-software-engineer-ruby-on-rails-at-decent-3775748293?refId=FasK5p6cca5DRMuUPtPQfQ%3D%3D&trackingId=HcAfbcs0bzFYK2nfD4HN2Q%3D%3D&position=17&pageNum=0&trk=public_jobs_jserp-result_search-card"">Apply</a>"
Software Engineer,GoGroup,"Noida, Uttar Pradesh, India","<a href=""https://in.linkedin.com/jobs/view/software-engineer-at-gogroup-3782834571?refId=FasK5p6cca5DRMuUPtPQfQ%3D%3D&trackingId=K5qGdKT59OmCLKo0W9z3tQ%3D%3D&position=18&pageNum=0&trk=public_jobs_jserp-result_search-card"">Apply</a>"
Data Scientist - MLOps,Talent Integrators,"Gurugram, Haryana, India","<a href=""https://in.linkedin.com/jobs/view/data-scientist-mlops-at-talent-integrators-3782844335?refId=FasK5p6cca5DRMuUPtPQfQ%3D%3D&trackingId=jxj5YBiF8ZnPKkXmBQ4eEg%3D%3D&position=19&pageNum=0&trk=public_jobs_jserp-result_search-card"">Apply</a>"
Sales Officer - Home Loan,Rojgari Placements Pvt Ltd,"Muzaffarpur, Bihar, India","<a href=""https://in.linkedin.com/jobs/view/sales-officer-home-loan-at-rojgari-placements-pvt-ltd-3786012565?refId=FasK5p6cca5DRMuUPtPQfQ%3D%3D&trackingId=%2F%2FW9B2C4SDWj2vAZ0RRpKw%3D%3D&position=21&pageNum=0&trk=public_jobs_jserp-result_search-card"">Apply</a>"
NLP Data Scientist,Thoucentric,"Bengaluru North, Karnataka, India","<a href=""https://in.linkedin.com/jobs/view/nlp-data-scientist-at-thoucentric-3787332648?refId=FasK5p6cca5DRMuUPtPQfQ%3D%3D&trackingId=BM6RyDre8gVFnTA%2B2oPVOQ%3D%3D&position=23&pageNum=0&trk=public_jobs_jserp-result_search-card"">Apply</a>"
Data Engineer,Trigyn Technologies,"Bengaluru, Karnataka, India","<a href=""https://in.linkedin.com/jobs/view/data-engineer-at-trigyn-technologies-3785770934?refId=FasK5p6cca5DRMuUPtPQfQ%3D%3D&trackingId=jFjdnO5hFpndBb3W%2BYKH1g%3D%3D&position=24&pageNum=0&trk=public_jobs_jserp-result_search-card"">Apply</a>"
Title,Company,Location,Apply
Data Engineer,GoGroup,"Noida, Uttar Pradesh, India","<a href=""https://in.linkedin.com/jobs/view/data-engineer-at-gogroup-3782834591?refId=3bGfmDnjXCJ86OwE0wnQSw%3D%3D&trackingId=AA7TG5IIdFYOPkZSnCxpkg%3D%3D&position=1&pageNum=0&trk=public_jobs_jserp-result_search-card"">Apply</a>"
Data Engineer - AWS,Kezan Consulting- A Unit of Kezan India Private Limited,"Mumbai, Maharashtra, India","<a href=""https://in.linkedin.com/jobs/view/data-engineer-aws-at-kezan-consulting-a-unit-of-kezan-india-private-limited-3787947834?refId=3bGfmDnjXCJ86OwE0wnQSw%3D%3D&trackingId=%2Fwe02K%2BU0Jn01flSiKAdJw%3D%3D&position=2&pageNum=0&trk=public_jobs_jserp-result_search-card"">Apply</a>"
Database Engineer,West Technology Group,"Bengaluru, Karnataka, India","<a href=""https://in.linkedin.com/jobs/view/database-engineer-at-west-technology-group-3766706974?refId=3bGfmDnjXCJ86OwE0wnQSw%3D%3D&trackingId=fPtc2dBQTW35P8ZPUJkePg%3D%3D&position=3&pageNum=0&trk=public_jobs_jserp-result_search-card"">Apply</a>"
Software Engineer - Entry Level - Java,Xybion Digital,"Chennai, Tamil Nadu, India","<a href=""https://in.linkedin.com/jobs/view/software-engineer-entry-level-java-at-xybion-digital-3787789341?refId=3bGfmDnjXCJ86OwE0wnQSw%3D%3D&trackingId=YKCUhXh7ZHptaoxX1l5ClQ%3D%3D&position=4&pageNum=0&trk=public_jobs_jserp-result_search-card"">Apply</a>"
Data Engineer,Trigyn Technologies,"Bengaluru, Karnataka, India","<a href=""https://in.linkedin.com/jobs/view/data-engineer-at-trigyn-technologies-3785770934?refId=3bGfmDnjXCJ86OwE0wnQSw%3D%3D&trackingId=2mMGs0ou%2FOtuZwCvrzWVsg%3D%3D&position=5&pageNum=0&trk=public_jobs_jserp-result_search-card"">Apply</a>"
Data Analyst - Python,Tulā Capital,India,"<a href=""https://in.linkedin.com/jobs/view/data-analyst-python-at-tul%C4%81-capital-3786090959?refId=3bGfmDnjXCJ86OwE0wnQSw%3D%3D&trackingId=81KeGNw%2BHdHpTF63JPGlvg%3D%3D&position=6&pageNum=0&trk=public_jobs_jserp-result_search-card"">Apply</a>"
Snowflake Developer/Data Engineer - SQL/Python,WorkiFicient,"Pune, Maharashtra, India","<a href=""https://in.linkedin.com/jobs/view/snowflake-developer-data-engineer-sql-python-at-workificient-3782845183?refId=3bGfmDnjXCJ86OwE0wnQSw%3D%3D&trackingId=Edi6ZBYAVxWrGcZxIIljzw%3D%3D&position=7&pageNum=0&trk=public_jobs_jserp-result_search-card"">Apply</a>"
Data Analyst,PERSOLKELLY,"Chennai, Tamil Nadu, India","<a href=""https://in.linkedin.com/jobs/view/data-analyst-at-persolkelly-3786039755?refId=3bGfmDnjXCJ86OwE0wnQSw%3D%3D&trackingId=vFbMfYUMuxExgu6kYAVBNw%3D%3D&position=8&pageNum=0&trk=public_jobs_jserp-result_search-card"">Apply</a>"
Associate Software Engineer Intern,WebGo Software Labs,India,"<a href=""https://in.linkedin.com/jobs/view/associate-software-engineer-intern-at-webgo-software-labs-3788336038?refId=3bGfmDnjXCJ86OwE0wnQSw%3D%3D&trackingId=EBqil3TOzF3N79DK%2FwO9jg%3D%3D&position=9&pageNum=0&trk=public_jobs_jserp-result_search-card"">Apply</a>"
Software Development Engineer 1,AMD,"Bengaluru, Karnataka, India","<a href=""https://in.linkedin.com/jobs/view/software-development-engineer-1-at-amd-3782835967?refId=3bGfmDnjXCJ86OwE0wnQSw%3D%3D&trackingId=4ENsJGBk93hfrDFzXKvebg%3D%3D&position=10&pageNum=0&trk=public_jobs_jserp-result_search-card"">Apply</a>"
Azure Developer/Data Engineer - SQL/Python,WorkiFicient,"Pune, Maharashtra, India","<a href=""https://in.linkedin.com/jobs/view/azure-developer-data-engineer-sql-python-at-workificient-3782844345?refId=3bGfmDnjXCJ86OwE0wnQSw%3D%3D&trackingId=G46PEjoWrW6YM5E9FyyoKQ%3D%3D&position=11&pageNum=0&trk=public_jobs_jserp-result_search-card"">Apply</a>"
Data Engineer,The Brain Hawk Consultant,"Jaipur, Rajasthan, India","<a href=""https://in.linkedin.com/jobs/view/data-engineer-at-the-brain-hawk-consultant-3782811800?refId=3bGfmDnjXCJ86OwE0wnQSw%3D%3D&trackingId=EIFdK7lq3GvAxDm8z5i%2Bgg%3D%3D&position=12&pageNum=0&trk=public_jobs_jserp-result_search-card"">Apply</a>"
Software Design Engineer- Lightning job by Cutshort ⚡,OnlineSales.ai,"Pune, Maharashtra, India","<a href=""https://in.linkedin.com/jobs/view/software-design-engineer-lightning-job-by-cutshort-%E2%9A%A1-at-onlinesales-ai-3786083734?refId=3bGfmDnjXCJ86OwE0wnQSw%3D%3D&trackingId=mnujOBJwbf6VbAufXwn0SA%3D%3D&position=13&pageNum=0&trk=public_jobs_jserp-result_search-card"">Apply</a>"
Customer Data Analyst,Poppulo,Greater Bengaluru Area,"<a href=""https://in.linkedin.com/jobs/view/customer-data-analyst-at-poppulo-3785753043?refId=3bGfmDnjXCJ86OwE0wnQSw%3D%3D&trackingId=fDlXxnZYLDqe7ft0LekFuQ%3D%3D&position=14&pageNum=0&trk=public_jobs_jserp-result_search-card"">Apply</a>"
Software Engineer,GoGroup,"Noida, Uttar Pradesh, India","<a href=""https://in.linkedin.com/jobs/view/software-engineer-at-gogroup-3782834571?refId=3bGfmDnjXCJ86OwE0wnQSw%3D%3D&trackingId=HFfahg7E%2B%2FObjUiWGvV2ZA%3D%3D&position=15&pageNum=0&trk=public_jobs_jserp-result_search-card"">Apply</a>"
Azure Data Engineer,Unijob Solution & Training Pvt Ltd,"Mumbai, Maharashtra, India","<a href=""https://in.linkedin.com/jobs/view/azure-data-engineer-at-unijob-solution-training-pvt-ltd-3782821549?refId=3bGfmDnjXCJ86OwE0wnQSw%3D%3D&trackingId=txW2YA2tz2psJHD89BCVEQ%3D%3D&position=16&pageNum=0&trk=public_jobs_jserp-result_search-card"">Apply</a>"
data analyst,esyconnect career,India,"<a href=""https://in.linkedin.com/jobs/view/data-analyst-at-esyconnect-career-3782855398?refId=3bGfmDnjXCJ86OwE0wnQSw%3D%3D&trackingId=C%2FRLS70xQoQ7TzU%2FPF94%2BA%3D%3D&position=17&pageNum=0&trk=public_jobs_jserp-result_search-card"">Apply</a>"
Software Engineer,Unicode Systems,"Lucknow, Uttar Pradesh, India","<a href=""https://in.linkedin.com/jobs/view/software-engineer-at-unicode-systems-3782836475?refId=3bGfmDnjXCJ86OwE0wnQSw%3D%3D&trackingId=8fmles6UvEXUYEsHFRcWMA%3D%3D&position=18&pageNum=0&trk=public_jobs_jserp-result_search-card"">Apply</a>"
Software Engineer 1 - QA Engineer,Digital Green,"Bengaluru, Karnataka, India","<a href=""https://in.linkedin.com/jobs/view/software-engineer-1-qa-engineer-at-digital-green-3787741411?refId=3bGfmDnjXCJ86OwE0wnQSw%3D%3D&trackingId=4MDD%2BmaOTbbyqpnF7wtjsQ%3D%3D&position=19&pageNum=0&trk=public_jobs_jserp-result_search-card"">Apply</a>"
"Databricks, Pyspark, Spark,Python, Azure data technologies, SQL.",Fusion Plus Solutions Inc,"Hyderabad, Telangana, India","<a href=""https://in.linkedin.com/jobs/view/databricks-pyspark-spark-python-azure-data-technologies-sql-at-fusion-plus-solutions-inc-3782826386?refId=3bGfmDnjXCJ86OwE0wnQSw%3D%3D&trackingId=m5JBKtbbPfeJB9oAqOThSA%3D%3D&position=20&pageNum=0&trk=public_jobs_jserp-result_search-card"">Apply</a>"
Software Engineer,ByteBees,India,"<a href=""https://in.linkedin.com/jobs/view/software-engineer-at-bytebees-3788340553?refId=3bGfmDnjXCJ86OwE0wnQSw%3D%3D&trackingId=XLzIMIMXQhEpwpib8VtnZg%3D%3D&position=21&pageNum=0&trk=public_jobs_jserp-result_search-card"">Apply</a>"
AWS Data Engineer - Python/PySpark,Marktine Technology Solutions Pvt Ltd,Greater Kolkata Area,"<a href=""https://in.linkedin.com/jobs/view/aws-data-engineer-python-pyspark-at-marktine-technology-solutions-pvt-ltd-3782843356?refId=3bGfmDnjXCJ86OwE0wnQSw%3D%3D&trackingId=I%2BGw37F5EdCuap%2BHwzfpJQ%3D%3D&position=22&pageNum=0&trk=public_jobs_jserp-result_search-card"">Apply</a>"
Interesting Job Opportunity: Nerdapplabs - Data Engineer - Google Cloud Platform,nerdAppLabs Software Solutions Private Limited,"Noida, Uttar Pradesh, India","<a href=""https://in.linkedin.com/jobs/view/interesting-job-opportunity-nerdapplabs-data-engineer-google-cloud-platform-at-nerdapplabs-software-solutions-private-limited-3782840870?refId=3bGfmDnjXCJ86OwE0wnQSw%3D%3D&trackingId=JcHf%2B6o%2Fx2YeNqowj5zj6g%3D%3D&position=23&pageNum=0&trk=public_jobs_jserp-result_search-card"">Apply</a>"
Software Engineer (15-40LPA),Mercor,India,"<a href=""https://in.linkedin.com/jobs/view/software-engineer-15-40lpa-at-mercor-3775425503?refId=3bGfmDnjXCJ86OwE0wnQSw%3D%3D&trackingId=GHlji9v7OcrAaFBkIlqXBQ%3D%3D&position=24&pageNum=0&trk=public_jobs_jserp-result_search-card"">Apply</a>"
Software Engineer - Java,First Advantage,"Bengaluru, Karnataka, India","<a href=""https://in.linkedin.com/jobs/view/software-engineer-java-at-first-advantage-3787783616?refId=3bGfmDnjXCJ86OwE0wnQSw%3D%3D&trackingId=8wmE%2BOAUvOYiTUHoZD9Qsw%3D%3D&position=25&pageNum=0&trk=public_jobs_jserp-result_search-card"">Apply</a>"
Data Engineer,GoGroup,"Noida, Uttar Pradesh, India","<a href=""https://in.linkedin.com/jobs/view/data-engineer-at-gogroup-3782834591?refId=%2BhMsI0VvoaiBK3ClWaR8vw%3D%3D&trackingId=jzzlzWceRu7WeC0Sp%2BrJXQ%3D%3D&position=1&pageNum=0&trk=public_jobs_jserp-result_search-card"">Apply</a>"
Data Analyst,AllRemote,India,"<a href=""https://in.linkedin.com/jobs/view/data-analyst-at-allremote-3786307629?refId=%2BhMsI0VvoaiBK3ClWaR8vw%3D%3D&trackingId=Jh8Oh6rCJmg6A9VJqSFR2g%3D%3D&position=2&pageNum=0&trk=public_jobs_jserp-result_search-card"">Apply</a>"
Data Engineer - AWS,Kezan Consulting- A Unit of Kezan India Private Limited,"Mumbai, Maharashtra, India","<a href=""https://in.linkedin.com/jobs/view/data-engineer-aws-at-kezan-consulting-a-unit-of-kezan-india-private-limited-3787947834?refId=%2BhMsI0VvoaiBK3ClWaR8vw%3D%3D&trackingId=srz4Rq2pHWwRV8ojtTmRPA%3D%3D&position=3&pageNum=0&trk=public_jobs_jserp-result_search-card"">Apply</a>"
Database Engineer,West Technology Group,"Bengaluru, Karnataka, India","<a href=""https://in.linkedin.com/jobs/view/database-engineer-at-west-technology-group-3766706974?refId=%2BhMsI0VvoaiBK3ClWaR8vw%3D%3D&trackingId=61a1bb10mntO5T0N5PTFkw%3D%3D&position=4&pageNum=0&trk=public_jobs_jserp-result_search-card"">Apply</a>"
Software Engineer - Entry Level - Java,Xybion Digital,"Chennai, Tamil Nadu, India","<a href=""https://in.linkedin.com/jobs/view/software-engineer-entry-level-java-at-xybion-digital-3787789341?refId=%2BhMsI0VvoaiBK3ClWaR8vw%3D%3D&trackingId=CFECRNQoQjXwnDzSPpViYw%3D%3D&position=5&pageNum=0&trk=public_jobs_jserp-result_search-card"">Apply</a>"
Data Analyst,Data Poem,"Bengaluru, Karnataka, India","<a href=""https://in.linkedin.com/jobs/view/data-analyst-at-data-poem-3787328173?refId=%2BhMsI0VvoaiBK3ClWaR8vw%3D%3D&trackingId=PVrCQpAj9ppxSgG9a4qPWg%3D%3D&position=6&pageNum=0&trk=public_jobs_jserp-result_search-card"">Apply</a>"
Data Engineer,Trigyn Technologies,"Bengaluru, Karnataka, India","<a href=""https://in.linkedin.com/jobs/view/data-engineer-at-trigyn-technologies-3785770934?refId=%2BhMsI0VvoaiBK3ClWaR8vw%3D%3D&trackingId=7cPc8x4Znnh%2FnVdvqPOf3A%3D%3D&position=7&pageNum=0&trk=public_jobs_jserp-result_search-card"">Apply</a>"
Data Analyst - Python,Tulā Capital,India,"<a href=""https://in.linkedin.com/jobs/view/data-analyst-python-at-tul%C4%81-capital-3786090959?refId=%2BhMsI0VvoaiBK3ClWaR8vw%3D%3D&trackingId=gVewu303v0UXYzMgnj569w%3D%3D&position=8&pageNum=0&trk=public_jobs_jserp-result_search-card"">Apply</a>"
Associate Software Engineer,CareerXperts Consulting,India,"<a href=""https://in.linkedin.com/jobs/view/associate-software-engineer-at-careerxperts-consulting-3786057913?refId=%2BhMsI0VvoaiBK3ClWaR8vw%3D%3D&trackingId=P2iak3RLkPPnrBGlBJTP7w%3D%3D&position=9&pageNum=0&trk=public_jobs_jserp-result_search-card"">Apply</a>"
Snowflake Developer/Data Engineer - SQL/Python,WorkiFicient,"Pune, Maharashtra, India","<a href=""https://in.linkedin.com/jobs/view/snowflake-developer-data-engineer-sql-python-at-workificient-3782845183?refId=%2BhMsI0VvoaiBK3ClWaR8vw%3D%3D&trackingId=Q7WxZopRNtggl9kjKkI0CA%3D%3D&position=10&pageNum=0&trk=public_jobs_jserp-result_search-card"">Apply</a>"
Data Analyst,PERSOLKELLY,"Chennai, Tamil Nadu, India","<a href=""https://in.linkedin.com/jobs/view/data-analyst-at-persolkelly-3786039755?refId=%2BhMsI0VvoaiBK3ClWaR8vw%3D%3D&trackingId=basnpMe%2FpGWbpSCn8RsU6A%3D%3D&position=11&pageNum=0&trk=public_jobs_jserp-result_search-card"">Apply</a>"
Associate Software Engineer Intern,WebGo Software Labs,India,"<a href=""https://in.linkedin.com/jobs/view/associate-software-engineer-intern-at-webgo-software-labs-3788336038?refId=%2BhMsI0VvoaiBK3ClWaR8vw%3D%3D&trackingId=jK9Ck7vGeNnfAoj99%2FgVQQ%3D%3D&position=12&pageNum=0&trk=public_jobs_jserp-result_search-card"">Apply</a>"
Data Analyst,GoodSpace,India,"<a href=""https://in.linkedin.com/jobs/view/data-analyst-at-goodspace-3782828218?refId=%2BhMsI0VvoaiBK3ClWaR8vw%3D%3D&trackingId=WzWh141y%2Bv4wH6NodnBwZw%3D%3D&position=13&pageNum=0&trk=public_jobs_jserp-result_search-card"">Apply</a>"
Software Development Engineer 1,AMD,"Bengaluru, Karnataka, India","<a href=""https://in.linkedin.com/jobs/view/software-development-engineer-1-at-amd-3782835967?refId=%2BhMsI0VvoaiBK3ClWaR8vw%3D%3D&trackingId=Rp09ttHWdZNHQjhYhPMu6g%3D%3D&position=14&pageNum=0&trk=public_jobs_jserp-result_search-card"">Apply</a>"
Software Engineer,CareerXperts Consulting,India,"<a href=""https://in.linkedin.com/jobs/view/software-engineer-at-careerxperts-consulting-3786061555?refId=%2BhMsI0VvoaiBK3ClWaR8vw%3D%3D&trackingId=7nkG3V5YaAmRqGSh097CTA%3D%3D&position=15&pageNum=0&trk=public_jobs_jserp-result_search-card"">Apply</a>"
Azure Developer/Data Engineer - SQL/Python,WorkiFicient,"Pune, Maharashtra, India","<a href=""https://in.linkedin.com/jobs/view/azure-developer-data-engineer-sql-python-at-workificient-3782844345?refId=%2BhMsI0VvoaiBK3ClWaR8vw%3D%3D&trackingId=Vu9tWTsqZ5TVsV2HG2AX3w%3D%3D&position=16&pageNum=0&trk=public_jobs_jserp-result_search-card"">Apply</a>"
Software Development Engineer 1,AMD,"Hyderabad, Telangana, India","<a href=""https://in.linkedin.com/jobs/view/software-development-engineer-1-at-amd-3782844317?refId=%2BhMsI0VvoaiBK3ClWaR8vw%3D%3D&trackingId=fSxfphYmLE%2BAS%2F245jMwMQ%3D%3D&position=17&pageNum=0&trk=public_jobs_jserp-result_search-card"">Apply</a>"
Data Engineer,The Brain Hawk Consultant,"Jaipur, Rajasthan, India","<a href=""https://in.linkedin.com/jobs/view/data-engineer-at-the-brain-hawk-consultant-3782811800?refId=%2BhMsI0VvoaiBK3ClWaR8vw%3D%3D&trackingId=6n6cOKqcbdlBj4ehv5omAQ%3D%3D&position=18&pageNum=0&trk=public_jobs_jserp-result_search-card"">Apply</a>"
Software Design Engineer- Lightning job by Cutshort ⚡,OnlineSales.ai,"Pune, Maharashtra, India","<a href=""https://in.linkedin.com/jobs/view/software-design-engineer-lightning-job-by-cutshort-%E2%9A%A1-at-onlinesales-ai-3786083734?refId=%2BhMsI0VvoaiBK3ClWaR8vw%3D%3D&trackingId=myZxPZIgckbyaaNM6DlDfA%3D%3D&position=19&pageNum=0&trk=public_jobs_jserp-result_search-card"">Apply</a>"
Customer Data Analyst,Poppulo,Greater Bengaluru Area,"<a href=""https://in.linkedin.com/jobs/view/customer-data-analyst-at-poppulo-3785753043?refId=%2BhMsI0VvoaiBK3ClWaR8vw%3D%3D&trackingId=CWYe4nkP9cAZ9iA7Ge5TPQ%3D%3D&position=20&pageNum=0&trk=public_jobs_jserp-result_search-card"">Apply</a>"
Software Engineer,GoGroup,"Noida, Uttar Pradesh, India","<a href=""https://in.linkedin.com/jobs/view/software-engineer-at-gogroup-3782834571?refId=%2BhMsI0VvoaiBK3ClWaR8vw%3D%3D&trackingId=fhweaIdg84LVdSNuG1KktA%3D%3D&position=21&pageNum=0&trk=public_jobs_jserp-result_search-card"">Apply</a>"
Azure Data Engineer,Unijob Solution & Training Pvt Ltd,"Mumbai, Maharashtra, India","<a href=""https://in.linkedin.com/jobs/view/azure-data-engineer-at-unijob-solution-training-pvt-ltd-3782821549?refId=%2BhMsI0VvoaiBK3ClWaR8vw%3D%3D&trackingId=ZP9%2FCyA9LT8gS1BXJhquFA%3D%3D&position=22&pageNum=0&trk=public_jobs_jserp-result_search-card"">Apply</a>"
Software Engineer,Unicode Systems,"Lucknow, Uttar Pradesh, India","<a href=""https://in.linkedin.com/jobs/view/software-engineer-at-unicode-systems-3782836475?refId=%2BhMsI0VvoaiBK3ClWaR8vw%3D%3D&trackingId=qHNo2F8IzmRk11a6VZ05fA%3D%3D&position=23&pageNum=0&trk=public_jobs_jserp-result_search-card"">Apply</a>"
Software Engineer 1 - QA Engineer,Digital Green,"Bengaluru, Karnataka, India","<a href=""https://in.linkedin.com/jobs/view/software-engineer-1-qa-engineer-at-digital-green-3787741411?refId=%2BhMsI0VvoaiBK3ClWaR8vw%3D%3D&trackingId=E39WZR5bFfSpJSVqAD9nOQ%3D%3D&position=24&pageNum=0&trk=public_jobs_jserp-result_search-card"">Apply</a>"
Title,Company,Location,Apply
Data Engineer,GoGroup,"Noida, Uttar Pradesh, India","<a href=""https://in.linkedin.com/jobs/view/data-engineer-at-gogroup-3782834591?refId=PgLow6TvhYI%2FljH5ez1SWw%3D%3D&trackingId=uzJ8xvew4Ev7nYockkOC2Q%3D%3D&position=1&pageNum=0&trk=public_jobs_jserp-result_search-card"">Apply</a>"
Data Engineer,Trigyn Technologies,"Bengaluru, Karnataka, India","<a href=""https://in.linkedin.com/jobs/view/data-engineer-at-trigyn-technologies-3785770934?refId=PgLow6TvhYI%2FljH5ez1SWw%3D%3D&trackingId=b0F5klwFNndjzz%2F0mVxhrg%3D%3D&position=2&pageNum=0&trk=public_jobs_jserp-result_search-card"">Apply</a>"
Data Engineer - AWS,Kezan Consulting- A Unit of Kezan India Private Limited,"Mumbai, Maharashtra, India","<a href=""https://in.linkedin.com/jobs/view/data-engineer-aws-at-kezan-consulting-a-unit-of-kezan-india-private-limited-3787947834?refId=PgLow6TvhYI%2FljH5ez1SWw%3D%3D&trackingId=t2Z1zy9eWIdg%2FSBAOVv7VQ%3D%3D&position=3&pageNum=0&trk=public_jobs_jserp-result_search-card"">Apply</a>"
Database Engineer,West Technology Group,"Bengaluru, Karnataka, India","<a href=""https://in.linkedin.com/jobs/view/database-engineer-at-west-technology-group-3766706974?refId=PgLow6TvhYI%2FljH5ez1SWw%3D%3D&trackingId=HLUAaBPfCGY%2FAxtT9mDjwg%3D%3D&position=4&pageNum=0&trk=public_jobs_jserp-result_search-card"">Apply</a>"
Software Engineer - Entry Level - Java,Xybion Digital,"Chennai, Tamil Nadu, India","<a href=""https://in.linkedin.com/jobs/view/software-engineer-entry-level-java-at-xybion-digital-3787789341?refId=PgLow6TvhYI%2FljH5ez1SWw%3D%3D&trackingId=Cq3unhAuXHCNjQIVqVY8cw%3D%3D&position=5&pageNum=0&trk=public_jobs_jserp-result_search-card"">Apply</a>"
Data Analyst - Python,Tulā Capital,India,"<a href=""https://in.linkedin.com/jobs/view/data-analyst-python-at-tul%C4%81-capital-3786090959?refId=PgLow6TvhYI%2FljH5ez1SWw%3D%3D&trackingId=q8x8cJirHydGUiDEjUVGMA%3D%3D&position=6&pageNum=0&trk=public_jobs_jserp-result_search-card"">Apply</a>"
Snowflake Developer/Data Engineer - SQL/Python,WorkiFicient,"Pune, Maharashtra, India","<a href=""https://in.linkedin.com/jobs/view/snowflake-developer-data-engineer-sql-python-at-workificient-3782845183?refId=PgLow6TvhYI%2FljH5ez1SWw%3D%3D&trackingId=sJxo86zjO87qt0HX0j3wNA%3D%3D&position=7&pageNum=0&trk=public_jobs_jserp-result_search-card"">Apply</a>"
Data Analyst,PERSOLKELLY,"Chennai, Tamil Nadu, India","<a href=""https://in.linkedin.com/jobs/view/data-analyst-at-persolkelly-3786039755?refId=PgLow6TvhYI%2FljH5ez1SWw%3D%3D&trackingId=9z9Sk7Gbq3JIKYc1UBMHXA%3D%3D&position=8&pageNum=0&trk=public_jobs_jserp-result_search-card"">Apply</a>"
Associate Software Engineer Intern,WebGo Software Labs,India,"<a href=""https://in.linkedin.com/jobs/view/associate-software-engineer-intern-at-webgo-software-labs-3788336038?refId=PgLow6TvhYI%2FljH5ez1SWw%3D%3D&trackingId=evmgP4CKISiWiF66FvrRyw%3D%3D&position=9&pageNum=0&trk=public_jobs_jserp-result_search-card"">Apply</a>"
Azure Developer/Data Engineer - SQL/Python,WorkiFicient,"Pune, Maharashtra, India","<a href=""https://in.linkedin.com/jobs/view/azure-developer-data-engineer-sql-python-at-workificient-3782844345?refId=PgLow6TvhYI%2FljH5ez1SWw%3D%3D&trackingId=DrbpwSQ%2BTK%2FVh0%2FOEjZc7g%3D%3D&position=10&pageNum=0&trk=public_jobs_jserp-result_search-card"">Apply</a>"
Data Engineer,The Brain Hawk Consultant,"Jaipur, Rajasthan, India","<a href=""https://in.linkedin.com/jobs/view/data-engineer-at-the-brain-hawk-consultant-3782811800?refId=PgLow6TvhYI%2FljH5ez1SWw%3D%3D&trackingId=MNq7lkPgI%2FXGeRF2QA0Yvg%3D%3D&position=11&pageNum=0&trk=public_jobs_jserp-result_search-card"">Apply</a>"
Software Engineer,Unicode Systems,"Lucknow, Uttar Pradesh, India","<a href=""https://in.linkedin.com/jobs/view/software-engineer-at-unicode-systems-3782836475?refId=PgLow6TvhYI%2FljH5ez1SWw%3D%3D&trackingId=cVSLNiSpExLjM5oh7NRn4w%3D%3D&position=12&pageNum=0&trk=public_jobs_jserp-result_search-card"">Apply</a>"
Software Design Engineer- Lightning job by Cutshort ⚡,OnlineSales.ai,"Pune, Maharashtra, India","<a href=""https://in.linkedin.com/jobs/view/software-design-engineer-lightning-job-by-cutshort-%E2%9A%A1-at-onlinesales-ai-3786083734?refId=PgLow6TvhYI%2FljH5ez1SWw%3D%3D&trackingId=OSFPk2M1UdK%2BG1QMVNRofg%3D%3D&position=13&pageNum=0&trk=public_jobs_jserp-result_search-card"">Apply</a>"
Software Development Engineer 1,AMD,"Bengaluru, Karnataka, India","<a href=""https://in.linkedin.com/jobs/view/software-development-engineer-1-at-amd-3782835967?refId=PgLow6TvhYI%2FljH5ez1SWw%3D%3D&trackingId=g1S4sL8IFpw6z3D26kInCg%3D%3D&position=14&pageNum=0&trk=public_jobs_jserp-result_search-card"">Apply</a>"
Customer Data Analyst,Poppulo,Greater Bengaluru Area,"<a href=""https://in.linkedin.com/jobs/view/customer-data-analyst-at-poppulo-3785753043?refId=PgLow6TvhYI%2FljH5ez1SWw%3D%3D&trackingId=8VQE4r6%2B%2BdSCQ%2BvfkViVQg%3D%3D&position=15&pageNum=0&trk=public_jobs_jserp-result_search-card"">Apply</a>"
Azure Data Engineer,Unijob Solution & Training Pvt Ltd,"Mumbai, Maharashtra, India","<a href=""https://in.linkedin.com/jobs/view/azure-data-engineer-at-unijob-solution-training-pvt-ltd-3782821549?refId=PgLow6TvhYI%2FljH5ez1SWw%3D%3D&trackingId=gKWXdQK3JRpfCFR5e3%2B3Jg%3D%3D&position=16&pageNum=0&trk=public_jobs_jserp-result_search-card"">Apply</a>"
Software Engineer,ByteBees,India,"<a href=""https://in.linkedin.com/jobs/view/software-engineer-at-bytebees-3788340553?refId=PgLow6TvhYI%2FljH5ez1SWw%3D%3D&trackingId=ENwUnfOqewRgCFPTlaIumw%3D%3D&position=17&pageNum=0&trk=public_jobs_jserp-result_search-card"">Apply</a>"
Software Engineer 1 - QA Engineer,Digital Green,"Bengaluru, Karnataka, India","<a href=""https://in.linkedin.com/jobs/view/software-engineer-1-qa-engineer-at-digital-green-3787741411?refId=PgLow6TvhYI%2FljH5ez1SWw%3D%3D&trackingId=%2B87vfgSA7u%2Fd74M%2BU3dijg%3D%3D&position=18&pageNum=0&trk=public_jobs_jserp-result_search-card"">Apply</a>"
"Databricks, Pyspark, Spark,Python, Azure data technologies, SQL.",Fusion Plus Solutions Inc,"Hyderabad, Telangana, India","<a href=""https://in.linkedin.com/jobs/view/databricks-pyspark-spark-python-azure-data-technologies-sql-at-fusion-plus-solutions-inc-3782826386?refId=PgLow6TvhYI%2FljH5ez1SWw%3D%3D&trackingId=LwntmmAKic%2FoUCGKu1W8Dg%3D%3D&position=19&pageNum=0&trk=public_jobs_jserp-result_search-card"">Apply</a>"
AWS Data Engineer - Python/PySpark,Marktine Technology Solutions Pvt Ltd,Greater Kolkata Area,"<a href=""https://in.linkedin.com/jobs/view/aws-data-engineer-python-pyspark-at-marktine-technology-solutions-pvt-ltd-3782843356?refId=PgLow6TvhYI%2FljH5ez1SWw%3D%3D&trackingId=Y84%2FxLkbybCowWPThnnVAg%3D%3D&position=20&pageNum=0&trk=public_jobs_jserp-result_search-card"">Apply</a>"
Interesting Job Opportunity: Nerdapplabs - Data Engineer - Google Cloud Platform,nerdAppLabs Software Solutions Private Limited,"Noida, Uttar Pradesh, India","<a href=""https://in.linkedin.com/jobs/view/interesting-job-opportunity-nerdapplabs-data-engineer-google-cloud-platform-at-nerdapplabs-software-solutions-private-limited-3782840870?refId=PgLow6TvhYI%2FljH5ez1SWw%3D%3D&trackingId=Ub1xDxXeisxtWuB5pYcLzw%3D%3D&position=21&pageNum=0&trk=public_jobs_jserp-result_search-card"">Apply</a>"
Software Engineer - Java,First Advantage,"Bengaluru, Karnataka, India","<a href=""https://in.linkedin.com/jobs/view/software-engineer-java-at-first-advantage-3787783616?refId=PgLow6TvhYI%2FljH5ez1SWw%3D%3D&trackingId=f4CW4QZRuhW0yCgfBmPyAA%3D%3D&position=22&pageNum=0&trk=public_jobs_jserp-result_search-card"">Apply</a>"
Analyst Data Management,Sanofi,"Hyderabad, Telangana, India","<a href=""https://in.linkedin.com/jobs/view/analyst-data-management-at-sanofi-3787720361?refId=PgLow6TvhYI%2FljH5ez1SWw%3D%3D&trackingId=unxixgJUP%2BPmNykhq8Kp9A%3D%3D&position=23&pageNum=0&trk=public_jobs_jserp-result_search-card"">Apply</a>"
Software Engineer,GoGroup,"Noida, Uttar Pradesh, India","<a href=""https://in.linkedin.com/jobs/view/software-engineer-at-gogroup-3782834571?refId=PgLow6TvhYI%2FljH5ez1SWw%3D%3D&trackingId=UR2VT4VJ20EhJCqySVuN%2BQ%3D%3D&position=24&pageNum=0&trk=public_jobs_jserp-result_search-card"">Apply</a>"
Software Engineer (15-40LPA),Mercor,India,"<a href=""https://in.linkedin.com/jobs/view/software-engineer-15-40lpa-at-mercor-3775425503?refId=PgLow6TvhYI%2FljH5ez1SWw%3D%3D&trackingId=SqQjdmEj1wKvw4CD5tw6mg%3D%3D&position=25&pageNum=0&trk=public_jobs_jserp-result_search-card"">Apply</a>"
Data Engineer,GoGroup,"Noida, Uttar Pradesh, India","<a href=""https://in.linkedin.com/jobs/view/data-engineer-at-gogroup-3782834591?refId=%2FO1exQqVQZqrT1cldXl9Vw%3D%3D&trackingId=0FsZl54aKaByUS3bnHBSog%3D%3D&position=1&pageNum=0&trk=public_jobs_jserp-result_search-card"">Apply</a>"
Data Engineer - AWS,Kezan Consulting- A Unit of Kezan India Private Limited,"Mumbai, Maharashtra, India","<a href=""https://in.linkedin.com/jobs/view/data-engineer-aws-at-kezan-consulting-a-unit-of-kezan-india-private-limited-3787947834?refId=%2FO1exQqVQZqrT1cldXl9Vw%3D%3D&trackingId=loskCvcVnETD%2Fz3aBQFLuw%3D%3D&position=2&pageNum=0&trk=public_jobs_jserp-result_search-card"">Apply</a>"
Database Engineer,West Technology Group,"Bengaluru, Karnataka, India","<a href=""https://in.linkedin.com/jobs/view/database-engineer-at-west-technology-group-3766706974?refId=%2FO1exQqVQZqrT1cldXl9Vw%3D%3D&trackingId=xDQ8XoUnDoXINeNUhpPt0A%3D%3D&position=3&pageNum=0&trk=public_jobs_jserp-result_search-card"">Apply</a>"
Software Engineer - Entry Level - Java,Xybion Digital,"Chennai, Tamil Nadu, India","<a href=""https://in.linkedin.com/jobs/view/software-engineer-entry-level-java-at-xybion-digital-3787789341?refId=%2FO1exQqVQZqrT1cldXl9Vw%3D%3D&trackingId=LTNbv%2F2jwIl86UqUrGzWtA%3D%3D&position=4&pageNum=0&trk=public_jobs_jserp-result_search-card"">Apply</a>"
Data Engineer,Trigyn Technologies,"Bengaluru, Karnataka, India","<a href=""https://in.linkedin.com/jobs/view/data-engineer-at-trigyn-technologies-3785770934?refId=%2FO1exQqVQZqrT1cldXl9Vw%3D%3D&trackingId=hG7UFVq6JDQV2NZOb2uATg%3D%3D&position=5&pageNum=0&trk=public_jobs_jserp-result_search-card"">Apply</a>"
Data Analyst - Python,Tulā Capital,India,"<a href=""https://in.linkedin.com/jobs/view/data-analyst-python-at-tul%C4%81-capital-3786090959?refId=%2FO1exQqVQZqrT1cldXl9Vw%3D%3D&trackingId=ty%2FT2mZOcORfoqypL%2BtOow%3D%3D&position=6&pageNum=0&trk=public_jobs_jserp-result_search-card"">Apply</a>"
Snowflake Developer/Data Engineer - SQL/Python,WorkiFicient,"Pune, Maharashtra, India","<a href=""https://in.linkedin.com/jobs/view/snowflake-developer-data-engineer-sql-python-at-workificient-3782845183?refId=%2FO1exQqVQZqrT1cldXl9Vw%3D%3D&trackingId=DASINlazpvVQ%2BZDgomplxw%3D%3D&position=7&pageNum=0&trk=public_jobs_jserp-result_search-card"">Apply</a>"
Data Analyst,PERSOLKELLY,"Chennai, Tamil Nadu, India","<a href=""https://in.linkedin.com/jobs/view/data-analyst-at-persolkelly-3786039755?refId=%2FO1exQqVQZqrT1cldXl9Vw%3D%3D&trackingId=NZ62LywLmbIkqBRiWBXm5w%3D%3D&position=8&pageNum=0&trk=public_jobs_jserp-result_search-card"">Apply</a>"
Associate Software Engineer Intern,WebGo Software Labs,India,"<a href=""https://in.linkedin.com/jobs/view/associate-software-engineer-intern-at-webgo-software-labs-3788336038?refId=%2FO1exQqVQZqrT1cldXl9Vw%3D%3D&trackingId=tLdeuLgky9alwkdg1zyosg%3D%3D&position=9&pageNum=0&trk=public_jobs_jserp-result_search-card"">Apply</a>"
Software Development Engineer 1,AMD,"Bengaluru, Karnataka, India","<a href=""https://in.linkedin.com/jobs/view/software-development-engineer-1-at-amd-3782835967?refId=%2FO1exQqVQZqrT1cldXl9Vw%3D%3D&trackingId=7D19mP21Uxvr8yvNwqL7Qg%3D%3D&position=10&pageNum=0&trk=public_jobs_jserp-result_search-card"">Apply</a>"
Azure Developer/Data Engineer - SQL/Python,WorkiFicient,"Pune, Maharashtra, India","<a href=""https://in.linkedin.com/jobs/view/azure-developer-data-engineer-sql-python-at-workificient-3782844345?refId=%2FO1exQqVQZqrT1cldXl9Vw%3D%3D&trackingId=dWFswoM0XhvAhkPfzM0OnQ%3D%3D&position=11&pageNum=0&trk=public_jobs_jserp-result_search-card"">Apply</a>"
Data Engineer,The Brain Hawk Consultant,"Jaipur, Rajasthan, India","<a href=""https://in.linkedin.com/jobs/view/data-engineer-at-the-brain-hawk-consultant-3782811800?refId=%2FO1exQqVQZqrT1cldXl9Vw%3D%3D&trackingId=Lt9svIZNxKlK7eS4gDv3%2Fg%3D%3D&position=12&pageNum=0&trk=public_jobs_jserp-result_search-card"">Apply</a>"
Software Design Engineer- Lightning job by Cutshort ⚡,OnlineSales.ai,"Pune, Maharashtra, India","<a href=""https://in.linkedin.com/jobs/view/software-design-engineer-lightning-job-by-cutshort-%E2%9A%A1-at-onlinesales-ai-3786083734?refId=%2FO1exQqVQZqrT1cldXl9Vw%3D%3D&trackingId=h5LafLjj9i2xZsrm2sMghQ%3D%3D&position=13&pageNum=0&trk=public_jobs_jserp-result_search-card"">Apply</a>"
Customer Data Analyst,Poppulo,Greater Bengaluru Area,"<a href=""https://in.linkedin.com/jobs/view/customer-data-analyst-at-poppulo-3785753043?refId=%2FO1exQqVQZqrT1cldXl9Vw%3D%3D&trackingId=%2ByhBqzt%2BM3WY%2BLsKm9Sp5g%3D%3D&position=14&pageNum=0&trk=public_jobs_jserp-result_search-card"">Apply</a>"
Software Engineer,GoGroup,"Noida, Uttar Pradesh, India","<a href=""https://in.linkedin.com/jobs/view/software-engineer-at-gogroup-3782834571?refId=%2FO1exQqVQZqrT1cldXl9Vw%3D%3D&trackingId=r7Hgfc0MZ%2FD7zTFFOqQBCA%3D%3D&position=15&pageNum=0&trk=public_jobs_jserp-result_search-card"">Apply</a>"
Azure Data Engineer,Unijob Solution & Training Pvt Ltd,"Mumbai, Maharashtra, India","<a href=""https://in.linkedin.com/jobs/view/azure-data-engineer-at-unijob-solution-training-pvt-ltd-3782821549?refId=%2FO1exQqVQZqrT1cldXl9Vw%3D%3D&trackingId=O86NDY9R07rIvf%2F72fa7yw%3D%3D&position=16&pageNum=0&trk=public_jobs_jserp-result_search-card"">Apply</a>"
data analyst,esyconnect career,India,"<a href=""https://in.linkedin.com/jobs/view/data-analyst-at-esyconnect-career-3782855398?refId=%2FO1exQqVQZqrT1cldXl9Vw%3D%3D&trackingId=XnsvLxvIDLF24ZNDsRxTMw%3D%3D&position=17&pageNum=0&trk=public_jobs_jserp-result_search-card"">Apply</a>"
Software Engineer,Unicode Systems,"Lucknow, Uttar Pradesh, India","<a href=""https://in.linkedin.com/jobs/view/software-engineer-at-unicode-systems-3782836475?refId=%2FO1exQqVQZqrT1cldXl9Vw%3D%3D&trackingId=Fl3NLLgOFY3iN50NIXIfpA%3D%3D&position=18&pageNum=0&trk=public_jobs_jserp-result_search-card"">Apply</a>"
Software Engineer 1 - QA Engineer,Digital Green,"Bengaluru, Karnataka, India","<a href=""https://in.linkedin.com/jobs/view/software-engineer-1-qa-engineer-at-digital-green-3787741411?refId=%2FO1exQqVQZqrT1cldXl9Vw%3D%3D&trackingId=hOnNrOyqs23%2F9Axu%2FZ3xxA%3D%3D&position=19&pageNum=0&trk=public_jobs_jserp-result_search-card"">Apply</a>"
"Databricks, Pyspark, Spark,Python, Azure data technologies, SQL.",Fusion Plus Solutions Inc,"Hyderabad, Telangana, India","<a href=""https://in.linkedin.com/jobs/view/databricks-pyspark-spark-python-azure-data-technologies-sql-at-fusion-plus-solutions-inc-3782826386?refId=%2FO1exQqVQZqrT1cldXl9Vw%3D%3D&trackingId=MDTwT0dfPShU2VkrWqyVPg%3D%3D&position=20&pageNum=0&trk=public_jobs_jserp-result_search-card"">Apply</a>"
Software Engineer,ByteBees,India,"<a href=""https://in.linkedin.com/jobs/view/software-engineer-at-bytebees-3788340553?refId=%2FO1exQqVQZqrT1cldXl9Vw%3D%3D&trackingId=BdP2mq8TgH2DVQ6aJQCTdA%3D%3D&position=21&pageNum=0&trk=public_jobs_jserp-result_search-card"">Apply</a>"
AWS Data Engineer - Python/PySpark,Marktine Technology Solutions Pvt Ltd,Greater Kolkata Area,"<a href=""https://in.linkedin.com/jobs/view/aws-data-engineer-python-pyspark-at-marktine-technology-solutions-pvt-ltd-3782843356?refId=%2FO1exQqVQZqrT1cldXl9Vw%3D%3D&trackingId=lM%2FE%2Bnl3LEnZYqNCeZinjQ%3D%3D&position=22&pageNum=0&trk=public_jobs_jserp-result_search-card"">Apply</a>"
Interesting Job Opportunity: Nerdapplabs - Data Engineer - Google Cloud Platform,nerdAppLabs Software Solutions Private Limited,"Noida, Uttar Pradesh, India","<a href=""https://in.linkedin.com/jobs/view/interesting-job-opportunity-nerdapplabs-data-engineer-google-cloud-platform-at-nerdapplabs-software-solutions-private-limited-3782840870?refId=%2FO1exQqVQZqrT1cldXl9Vw%3D%3D&trackingId=cC9ly7Da8G5fHvM069NWpg%3D%3D&position=23&pageNum=0&trk=public_jobs_jserp-result_search-card"">Apply</a>"
Software Engineer (15-40LPA),Mercor,India,"<a href=""https://in.linkedin.com/jobs/view/software-engineer-15-40lpa-at-mercor-3775425503?refId=%2FO1exQqVQZqrT1cldXl9Vw%3D%3D&trackingId=s0yxEpoBdrrU4pcYFNRabA%3D%3D&position=24&pageNum=0&trk=public_jobs_jserp-result_search-card"">Apply</a>"
Software Engineer - Java,First Advantage,"Bengaluru, Karnataka, India","<a href=""https://in.linkedin.com/jobs/view/software-engineer-java-at-first-advantage-3787783616?refId=%2FO1exQqVQZqrT1cldXl9Vw%3D%3D&trackingId=l0vKWkf9B3AE5Y9QYrhnYA%3D%3D&position=25&pageNum=0&trk=public_jobs_jserp-result_search-card"">Apply</a>"
Title,Company,Location,Apply
Data Analyst,AllRemote,India,"<a href=""https://in.linkedin.com/jobs/view/data-analyst-at-allremote-3786307629?refId=o7nZNyjSeOMiN5ZRJmPC9w%3D%3D&trackingId=tvLYSJXQ7oslUeLrlL5l4w%3D%3D&position=1&pageNum=0&trk=public_jobs_jserp-result_search-card"">Apply</a>"
Software Engineer - Entry Level - Java,Xybion Digital,"Chennai, Tamil Nadu, India","<a href=""https://in.linkedin.com/jobs/view/software-engineer-entry-level-java-at-xybion-digital-3787789341?refId=o7nZNyjSeOMiN5ZRJmPC9w%3D%3D&trackingId=IBFPIQT%2BIi5LqUL1zgPpMg%3D%3D&position=2&pageNum=0&trk=public_jobs_jserp-result_search-card"">Apply</a>"
Data Engineer - AWS,Kezan Consulting- A Unit of Kezan India Private Limited,"Mumbai, Maharashtra, India","<a href=""https://in.linkedin.com/jobs/view/data-engineer-aws-at-kezan-consulting-a-unit-of-kezan-india-private-limited-3787947834?refId=o7nZNyjSeOMiN5ZRJmPC9w%3D%3D&trackingId=D00L5s%2BXLWBX5%2FQ%2Bfk%2FdQQ%3D%3D&position=3&pageNum=0&trk=public_jobs_jserp-result_search-card"">Apply</a>"
Database Engineer,West Technology Group,"Bengaluru, Karnataka, India","<a href=""https://in.linkedin.com/jobs/view/database-engineer-at-west-technology-group-3766706974?refId=o7nZNyjSeOMiN5ZRJmPC9w%3D%3D&trackingId=7%2FzJxO80EdAkskeL35kB3w%3D%3D&position=4&pageNum=0&trk=public_jobs_jserp-result_search-card"">Apply</a>"
Snowflake Developer/Data Engineer - SQL/Python,WorkiFicient,"Pune, Maharashtra, India","<a href=""https://in.linkedin.com/jobs/view/snowflake-developer-data-engineer-sql-python-at-workificient-3782845183?refId=o7nZNyjSeOMiN5ZRJmPC9w%3D%3D&trackingId=wuuTw98JyXacgLl67l5W8g%3D%3D&position=5&pageNum=0&trk=public_jobs_jserp-result_search-card"">Apply</a>"
Associate Software Engineer Intern,WebGo Software Labs,India,"<a href=""https://in.linkedin.com/jobs/view/associate-software-engineer-intern-at-webgo-software-labs-3788336038?refId=o7nZNyjSeOMiN5ZRJmPC9w%3D%3D&trackingId=DzGLo8SZ2XINYglSMzLLnQ%3D%3D&position=6&pageNum=0&trk=public_jobs_jserp-result_search-card"">Apply</a>"
Azure Developer/Data Engineer - SQL/Python,WorkiFicient,"Pune, Maharashtra, India","<a href=""https://in.linkedin.com/jobs/view/azure-developer-data-engineer-sql-python-at-workificient-3782844345?refId=o7nZNyjSeOMiN5ZRJmPC9w%3D%3D&trackingId=Zf0cWV9NmJQppgytUTiMWA%3D%3D&position=7&pageNum=0&trk=public_jobs_jserp-result_search-card"">Apply</a>"
Data Analyst - Python,Tulā Capital,India,"<a href=""https://in.linkedin.com/jobs/view/data-analyst-python-at-tul%C4%81-capital-3786090959?refId=o7nZNyjSeOMiN5ZRJmPC9w%3D%3D&trackingId=qUjat2KNqHnVdikqDViHbw%3D%3D&position=8&pageNum=0&trk=public_jobs_jserp-result_search-card"">Apply</a>"
Data Engineer,GoGroup,"Noida, Uttar Pradesh, India","<a href=""https://in.linkedin.com/jobs/view/data-engineer-at-gogroup-3782834591?refId=o7nZNyjSeOMiN5ZRJmPC9w%3D%3D&trackingId=EDy0WjUujvvjvWMMAsd34g%3D%3D&position=9&pageNum=0&trk=public_jobs_jserp-result_search-card"">Apply</a>"
data analyst,esyconnect career,India,"<a href=""https://in.linkedin.com/jobs/view/data-analyst-at-esyconnect-career-3782855398?refId=o7nZNyjSeOMiN5ZRJmPC9w%3D%3D&trackingId=dfbhfuzr0FoLAKvNiljjxQ%3D%3D&position=10&pageNum=0&trk=public_jobs_jserp-result_search-card"">Apply</a>"
Associate Software Engineer,CareerXperts Consulting,India,"<a href=""https://in.linkedin.com/jobs/view/associate-software-engineer-at-careerxperts-consulting-3786057913?refId=o7nZNyjSeOMiN5ZRJmPC9w%3D%3D&trackingId=%2F9Z7W%2BGfuopGjvAkrSyrIA%3D%3D&position=11&pageNum=0&trk=public_jobs_jserp-result_search-card"">Apply</a>"
Data Engineer,Trigyn Technologies,"Bengaluru, Karnataka, India","<a href=""https://in.linkedin.com/jobs/view/data-engineer-at-trigyn-technologies-3785770934?refId=o7nZNyjSeOMiN5ZRJmPC9w%3D%3D&trackingId=yHGuksAEfgHmNLbZEkG%2BQg%3D%3D&position=12&pageNum=0&trk=public_jobs_jserp-result_search-card"">Apply</a>"
Data Analyst,PERSOLKELLY,"Chennai, Tamil Nadu, India","<a href=""https://in.linkedin.com/jobs/view/data-analyst-at-persolkelly-3786039755?refId=o7nZNyjSeOMiN5ZRJmPC9w%3D%3D&trackingId=%2B7dVZdVFqAfS0aHbrEw7xg%3D%3D&position=13&pageNum=0&trk=public_jobs_jserp-result_search-card"">Apply</a>"
Customer Data Analyst,Poppulo,Greater Bengaluru Area,"<a href=""https://in.linkedin.com/jobs/view/customer-data-analyst-at-poppulo-3785753043?refId=o7nZNyjSeOMiN5ZRJmPC9w%3D%3D&trackingId=r%2F07ntQmJw0RxEDqmkVLug%3D%3D&position=14&pageNum=0&trk=public_jobs_jserp-result_search-card"">Apply</a>"
Data Analyst,GoodSpace,India,"<a href=""https://in.linkedin.com/jobs/view/data-analyst-at-goodspace-3782828218?refId=o7nZNyjSeOMiN5ZRJmPC9w%3D%3D&trackingId=udF6Qc4UaJe8nTYX10PZHQ%3D%3D&position=15&pageNum=0&trk=public_jobs_jserp-result_search-card"">Apply</a>"
Software Engineer,CareerXperts Consulting,India,"<a href=""https://in.linkedin.com/jobs/view/software-engineer-at-careerxperts-consulting-3786061555?refId=o7nZNyjSeOMiN5ZRJmPC9w%3D%3D&trackingId=QDpZ%2FfMjQgGZjcg%2BHnARXQ%3D%3D&position=16&pageNum=0&trk=public_jobs_jserp-result_search-card"">Apply</a>"
Data Engineer,The Brain Hawk Consultant,"Jaipur, Rajasthan, India","<a href=""https://in.linkedin.com/jobs/view/data-engineer-at-the-brain-hawk-consultant-3782811800?refId=o7nZNyjSeOMiN5ZRJmPC9w%3D%3D&trackingId=G%2F0mYiq%2Bg5u6Zo611sIlKw%3D%3D&position=17&pageNum=0&trk=public_jobs_jserp-result_search-card"">Apply</a>"
Software Design Engineer- Lightning job by Cutshort ⚡,OnlineSales.ai,"Pune, Maharashtra, India","<a href=""https://in.linkedin.com/jobs/view/software-design-engineer-lightning-job-by-cutshort-%E2%9A%A1-at-onlinesales-ai-3786083734?refId=o7nZNyjSeOMiN5ZRJmPC9w%3D%3D&trackingId=8kd5QoB0xmct%2BgGPB%2BTSWw%3D%3D&position=18&pageNum=0&trk=public_jobs_jserp-result_search-card"">Apply</a>"
Software Engineer 1 - QA Engineer,Digital Green,"Bengaluru, Karnataka, India","<a href=""https://in.linkedin.com/jobs/view/software-engineer-1-qa-engineer-at-digital-green-3787741411?refId=o7nZNyjSeOMiN5ZRJmPC9w%3D%3D&trackingId=Us4eT%2BF32tkg6QaJiEqNrA%3D%3D&position=19&pageNum=0&trk=public_jobs_jserp-result_search-card"">Apply</a>"
Software Development Engineer 1,AMD,"Bengaluru, Karnataka, India","<a href=""https://in.linkedin.com/jobs/view/software-development-engineer-1-at-amd-3782835967?refId=o7nZNyjSeOMiN5ZRJmPC9w%3D%3D&trackingId=dhFKDx7pyVb6MA%2BKyWalDw%3D%3D&position=20&pageNum=0&trk=public_jobs_jserp-result_search-card"">Apply</a>"
Azure Data Engineer,Unijob Solution & Training Pvt Ltd,"Mumbai, Maharashtra, India","<a href=""https://in.linkedin.com/jobs/view/azure-data-engineer-at-unijob-solution-training-pvt-ltd-3782821549?refId=o7nZNyjSeOMiN5ZRJmPC9w%3D%3D&trackingId=hSYw9bq3xDXBT9IaKRMrQA%3D%3D&position=21&pageNum=0&trk=public_jobs_jserp-result_search-card"">Apply</a>"
Software Development Engineer 1,AMD,"Hyderabad, Telangana, India","<a href=""https://in.linkedin.com/jobs/view/software-development-engineer-1-at-amd-3782844317?refId=o7nZNyjSeOMiN5ZRJmPC9w%3D%3D&trackingId=C6ndydvp4Q%2BBknPr5zHiIw%3D%3D&position=22&pageNum=0&trk=public_jobs_jserp-result_search-card"">Apply</a>"
Software Engineer,ByteBees,India,"<a href=""https://in.linkedin.com/jobs/view/software-engineer-at-bytebees-3788340553?refId=o7nZNyjSeOMiN5ZRJmPC9w%3D%3D&trackingId=ADY4Alv1AwW2xLQLGNy9Vw%3D%3D&position=23&pageNum=0&trk=public_jobs_jserp-result_search-card"">Apply</a>"
Data Engineer,GoGroup,"Noida, Uttar Pradesh, India","<a href=""https://in.linkedin.com/jobs/view/data-engineer-at-gogroup-3782834591?refId=KmP3fj1fKraEBYuMYJSV0A%3D%3D&trackingId=3bODqqwFR4nmdyUGYvfNsQ%3D%3D&position=1&pageNum=0&trk=public_jobs_jserp-result_search-card"">Apply</a>"
Data Engineer - AWS,Kezan Consulting- A Unit of Kezan India Private Limited,"Mumbai, Maharashtra, India","<a href=""https://in.linkedin.com/jobs/view/data-engineer-aws-at-kezan-consulting-a-unit-of-kezan-india-private-limited-3787947834?refId=KmP3fj1fKraEBYuMYJSV0A%3D%3D&trackingId=H1Pp8lldGrXXjHDWKNW9Mg%3D%3D&position=2&pageNum=0&trk=public_jobs_jserp-result_search-card"">Apply</a>"
Database Engineer,West Technology Group,"Bengaluru, Karnataka, India","<a href=""https://in.linkedin.com/jobs/view/database-engineer-at-west-technology-group-3766706974?refId=KmP3fj1fKraEBYuMYJSV0A%3D%3D&trackingId=OiHcSBOmVSJaY850MA61qA%3D%3D&position=3&pageNum=0&trk=public_jobs_jserp-result_search-card"">Apply</a>"
Software Engineer - Entry Level - Java,Xybion Digital,"Chennai, Tamil Nadu, India","<a href=""https://in.linkedin.com/jobs/view/software-engineer-entry-level-java-at-xybion-digital-3787789341?refId=KmP3fj1fKraEBYuMYJSV0A%3D%3D&trackingId=3%2FropPG1E68%2FpGubkOFskQ%3D%3D&position=4&pageNum=0&trk=public_jobs_jserp-result_search-card"">Apply</a>"
Data Engineer,Trigyn Technologies,"Bengaluru, Karnataka, India","<a href=""https://in.linkedin.com/jobs/view/data-engineer-at-trigyn-technologies-3785770934?refId=KmP3fj1fKraEBYuMYJSV0A%3D%3D&trackingId=77j70Cke2Y2ean3UmA4XJg%3D%3D&position=5&pageNum=0&trk=public_jobs_jserp-result_search-card"">Apply</a>"
Data Analyst - Python,Tulā Capital,India,"<a href=""https://in.linkedin.com/jobs/view/data-analyst-python-at-tul%C4%81-capital-3786090959?refId=KmP3fj1fKraEBYuMYJSV0A%3D%3D&trackingId=2PulcAlleQDHGYCxaBwYhg%3D%3D&position=6&pageNum=0&trk=public_jobs_jserp-result_search-card"">Apply</a>"
Snowflake Developer/Data Engineer - SQL/Python,WorkiFicient,"Pune, Maharashtra, India","<a href=""https://in.linkedin.com/jobs/view/snowflake-developer-data-engineer-sql-python-at-workificient-3782845183?refId=KmP3fj1fKraEBYuMYJSV0A%3D%3D&trackingId=1%2Fn%2FvDnK7WAV2FAMriMFwg%3D%3D&position=7&pageNum=0&trk=public_jobs_jserp-result_search-card"">Apply</a>"
Data Analyst,PERSOLKELLY,"Chennai, Tamil Nadu, India","<a href=""https://in.linkedin.com/jobs/view/data-analyst-at-persolkelly-3786039755?refId=KmP3fj1fKraEBYuMYJSV0A%3D%3D&trackingId=QbP5bWtCoIHOPsHJuG9r7w%3D%3D&position=8&pageNum=0&trk=public_jobs_jserp-result_search-card"">Apply</a>"
Associate Software Engineer Intern,WebGo Software Labs,India,"<a href=""https://in.linkedin.com/jobs/view/associate-software-engineer-intern-at-webgo-software-labs-3788336038?refId=KmP3fj1fKraEBYuMYJSV0A%3D%3D&trackingId=FUx35BpEe4OyUAus%2FrdiNg%3D%3D&position=9&pageNum=0&trk=public_jobs_jserp-result_search-card"">Apply</a>"
Software Development Engineer 1,AMD,"Bengaluru, Karnataka, India","<a href=""https://in.linkedin.com/jobs/view/software-development-engineer-1-at-amd-3782835967?refId=KmP3fj1fKraEBYuMYJSV0A%3D%3D&trackingId=a7%2BM70DQEBt3Rfcg%2BFC24g%3D%3D&position=10&pageNum=0&trk=public_jobs_jserp-result_search-card"">Apply</a>"
Azure Developer/Data Engineer - SQL/Python,WorkiFicient,"Pune, Maharashtra, India","<a href=""https://in.linkedin.com/jobs/view/azure-developer-data-engineer-sql-python-at-workificient-3782844345?refId=KmP3fj1fKraEBYuMYJSV0A%3D%3D&trackingId=amxv%2FweUUfrlpoMCbk2G6Q%3D%3D&position=11&pageNum=0&trk=public_jobs_jserp-result_search-card"">Apply</a>"
Data Engineer,The Brain Hawk Consultant,"Jaipur, Rajasthan, India","<a href=""https://in.linkedin.com/jobs/view/data-engineer-at-the-brain-hawk-consultant-3782811800?refId=KmP3fj1fKraEBYuMYJSV0A%3D%3D&trackingId=Rhan5M8e2ReLH9gUYs1uuA%3D%3D&position=12&pageNum=0&trk=public_jobs_jserp-result_search-card"">Apply</a>"
Software Design Engineer- Lightning job by Cutshort ⚡,OnlineSales.ai,"Pune, Maharashtra, India","<a href=""https://in.linkedin.com/jobs/view/software-design-engineer-lightning-job-by-cutshort-%E2%9A%A1-at-onlinesales-ai-3786083734?refId=KmP3fj1fKraEBYuMYJSV0A%3D%3D&trackingId=lNEXAFtgsdyoXLQ29whPwQ%3D%3D&position=13&pageNum=0&trk=public_jobs_jserp-result_search-card"">Apply</a>"
Customer Data Analyst,Poppulo,Greater Bengaluru Area,"<a href=""https://in.linkedin.com/jobs/view/customer-data-analyst-at-poppulo-3785753043?refId=KmP3fj1fKraEBYuMYJSV0A%3D%3D&trackingId=KyrAPczWdcG7hTkeRD%2FsIQ%3D%3D&position=14&pageNum=0&trk=public_jobs_jserp-result_search-card"">Apply</a>"
Software Engineer,GoGroup,"Noida, Uttar Pradesh, India","<a href=""https://in.linkedin.com/jobs/view/software-engineer-at-gogroup-3782834571?refId=KmP3fj1fKraEBYuMYJSV0A%3D%3D&trackingId=BEBOXB%2F6oZSAWG65ryvK9g%3D%3D&position=15&pageNum=0&trk=public_jobs_jserp-result_search-card"">Apply</a>"
Azure Data Engineer,Unijob Solution & Training Pvt Ltd,"Mumbai, Maharashtra, India","<a href=""https://in.linkedin.com/jobs/view/azure-data-engineer-at-unijob-solution-training-pvt-ltd-3782821549?refId=KmP3fj1fKraEBYuMYJSV0A%3D%3D&trackingId=MSzxFw61RfIHK61OFlNDQg%3D%3D&position=16&pageNum=0&trk=public_jobs_jserp-result_search-card"">Apply</a>"
data analyst,esyconnect career,India,"<a href=""https://in.linkedin.com/jobs/view/data-analyst-at-esyconnect-career-3782855398?refId=KmP3fj1fKraEBYuMYJSV0A%3D%3D&trackingId=%2FAzub05gBW0stdB5k1V77Q%3D%3D&position=17&pageNum=0&trk=public_jobs_jserp-result_search-card"">Apply</a>"
Software Engineer,Unicode Systems,"Lucknow, Uttar Pradesh, India","<a href=""https://in.linkedin.com/jobs/view/software-engineer-at-unicode-systems-3782836475?refId=KmP3fj1fKraEBYuMYJSV0A%3D%3D&trackingId=UFV9nCg4gQ%2BJFGaF5kRwgg%3D%3D&position=18&pageNum=0&trk=public_jobs_jserp-result_search-card"">Apply</a>"
Software Engineer 1 - QA Engineer,Digital Green,"Bengaluru, Karnataka, India","<a href=""https://in.linkedin.com/jobs/view/software-engineer-1-qa-engineer-at-digital-green-3787741411?refId=KmP3fj1fKraEBYuMYJSV0A%3D%3D&trackingId=Uj0%2BtQ5L2NRzF4Z%2B5reLAg%3D%3D&position=19&pageNum=0&trk=public_jobs_jserp-result_search-card"">Apply</a>"
"Databricks, Pyspark, Spark,Python, Azure data technologies, SQL.",Fusion Plus Solutions Inc,"Hyderabad, Telangana, India","<a href=""https://in.linkedin.com/jobs/view/databricks-pyspark-spark-python-azure-data-technologies-sql-at-fusion-plus-solutions-inc-3782826386?refId=KmP3fj1fKraEBYuMYJSV0A%3D%3D&trackingId=IMkOB4jRSk6kRoIqtaVjRQ%3D%3D&position=20&pageNum=0&trk=public_jobs_jserp-result_search-card"">Apply</a>"
Software Engineer,ByteBees,India,"<a href=""https://in.linkedin.com/jobs/view/software-engineer-at-bytebees-3788340553?refId=KmP3fj1fKraEBYuMYJSV0A%3D%3D&trackingId=ZrkwJ0GKqZ805ZVci4gXzw%3D%3D&position=21&pageNum=0&trk=public_jobs_jserp-result_search-card"">Apply</a>"
AWS Data Engineer - Python/PySpark,Marktine Technology Solutions Pvt Ltd,Greater Kolkata Area,"<a href=""https://in.linkedin.com/jobs/view/aws-data-engineer-python-pyspark-at-marktine-technology-solutions-pvt-ltd-3782843356?refId=KmP3fj1fKraEBYuMYJSV0A%3D%3D&trackingId=tGkogt4HKjir%2Fl9pPxO%2BqQ%3D%3D&position=22&pageNum=0&trk=public_jobs_jserp-result_search-card"">Apply</a>"
Interesting Job Opportunity: Nerdapplabs - Data Engineer - Google Cloud Platform,nerdAppLabs Software Solutions Private Limited,"Noida, Uttar Pradesh, India","<a href=""https://in.linkedin.com/jobs/view/interesting-job-opportunity-nerdapplabs-data-engineer-google-cloud-platform-at-nerdapplabs-software-solutions-private-limited-3782840870?refId=KmP3fj1fKraEBYuMYJSV0A%3D%3D&trackingId=FFNXpR1id8DKndoBJ4nylw%3D%3D&position=23&pageNum=0&trk=public_jobs_jserp-result_search-card"">Apply</a>"
Software Engineer (15-40LPA),Mercor,India,"<a href=""https://in.linkedin.com/jobs/view/software-engineer-15-40lpa-at-mercor-3775425503?refId=KmP3fj1fKraEBYuMYJSV0A%3D%3D&trackingId=xsTN4qI9nIFu8WG62UbpfA%3D%3D&position=24&pageNum=0&trk=public_jobs_jserp-result_search-card"">Apply</a>"
Software Engineer - Java,First Advantage,"Bengaluru, Karnataka, India","<a href=""https://in.linkedin.com/jobs/view/software-engineer-java-at-first-advantage-3787783616?refId=KmP3fj1fKraEBYuMYJSV0A%3D%3D&trackingId=W%2FsYEuIc4ceFqNnHZzQJEg%3D%3D&position=25&pageNum=0&trk=public_jobs_jserp-result_search-card"">Apply</a>"
Title,Company,Location,Apply
Data Engineer,GoGroup,"Noida, Uttar Pradesh, India","<a href=""https://in.linkedin.com/jobs/view/data-engineer-at-gogroup-3782834591?refId=nMksRvFXJ%2BPNqmin3%2FSnVA%3D%3D&trackingId=1g3oFY%2FsMn4Mq0CtelQCGQ%3D%3D&position=1&pageNum=0&trk=public_jobs_jserp-result_search-card"">Apply</a>"
Data Analyst,AllRemote,India,"<a href=""https://in.linkedin.com/jobs/view/data-analyst-at-allremote-3786307629?refId=nMksRvFXJ%2BPNqmin3%2FSnVA%3D%3D&trackingId=t%2BqiyXbFFJFWXUIeb14Xbg%3D%3D&position=2&pageNum=0&trk=public_jobs_jserp-result_search-card"">Apply</a>"
Data Engineer - AWS,Kezan Consulting- A Unit of Kezan India Private Limited,"Mumbai, Maharashtra, India","<a href=""https://in.linkedin.com/jobs/view/data-engineer-aws-at-kezan-consulting-a-unit-of-kezan-india-private-limited-3787947834?refId=nMksRvFXJ%2BPNqmin3%2FSnVA%3D%3D&trackingId=ye87x1X8Xy60tUpFSm6wYQ%3D%3D&position=3&pageNum=0&trk=public_jobs_jserp-result_search-card"">Apply</a>"
Database Engineer,West Technology Group,"Bengaluru, Karnataka, India","<a href=""https://in.linkedin.com/jobs/view/database-engineer-at-west-technology-group-3766706974?refId=nMksRvFXJ%2BPNqmin3%2FSnVA%3D%3D&trackingId=SN2PAvNG2x1KNMxqKM5aKA%3D%3D&position=4&pageNum=0&trk=public_jobs_jserp-result_search-card"">Apply</a>"
Software Engineer - Entry Level - Java,Xybion Digital,"Chennai, Tamil Nadu, India","<a href=""https://in.linkedin.com/jobs/view/software-engineer-entry-level-java-at-xybion-digital-3787789341?refId=nMksRvFXJ%2BPNqmin3%2FSnVA%3D%3D&trackingId=37EnWFsplSoy6AaU8elTJw%3D%3D&position=5&pageNum=0&trk=public_jobs_jserp-result_search-card"">Apply</a>"
Data Engineer,Trigyn Technologies,"Bengaluru, Karnataka, India","<a href=""https://in.linkedin.com/jobs/view/data-engineer-at-trigyn-technologies-3785770934?refId=nMksRvFXJ%2BPNqmin3%2FSnVA%3D%3D&trackingId=Xbx997eMYHVNfiM1TarjBw%3D%3D&position=6&pageNum=0&trk=public_jobs_jserp-result_search-card"">Apply</a>"
Data Analyst - Python,Tulā Capital,India,"<a href=""https://in.linkedin.com/jobs/view/data-analyst-python-at-tul%C4%81-capital-3786090959?refId=nMksRvFXJ%2BPNqmin3%2FSnVA%3D%3D&trackingId=RVp4bMFHkFJuZ0U1xeAevg%3D%3D&position=7&pageNum=0&trk=public_jobs_jserp-result_search-card"">Apply</a>"
Associate Software Engineer,CareerXperts Consulting,India,"<a href=""https://in.linkedin.com/jobs/view/associate-software-engineer-at-careerxperts-consulting-3786057913?refId=nMksRvFXJ%2BPNqmin3%2FSnVA%3D%3D&trackingId=Z29Q3bH%2B%2FsGzGuqRBqD7CA%3D%3D&position=8&pageNum=0&trk=public_jobs_jserp-result_search-card"">Apply</a>"
Snowflake Developer/Data Engineer - SQL/Python,WorkiFicient,"Pune, Maharashtra, India","<a href=""https://in.linkedin.com/jobs/view/snowflake-developer-data-engineer-sql-python-at-workificient-3782845183?refId=nMksRvFXJ%2BPNqmin3%2FSnVA%3D%3D&trackingId=AdeXyk%2BN%2Bg%2BmdZHSKTRtnA%3D%3D&position=9&pageNum=0&trk=public_jobs_jserp-result_search-card"">Apply</a>"
Data Analyst,PERSOLKELLY,"Chennai, Tamil Nadu, India","<a href=""https://in.linkedin.com/jobs/view/data-analyst-at-persolkelly-3786039755?refId=nMksRvFXJ%2BPNqmin3%2FSnVA%3D%3D&trackingId=StLlcboBtuiYsr8dsN0NVg%3D%3D&position=10&pageNum=0&trk=public_jobs_jserp-result_search-card"">Apply</a>"
Data Analyst,GoodSpace,India,"<a href=""https://in.linkedin.com/jobs/view/data-analyst-at-goodspace-3782828218?refId=nMksRvFXJ%2BPNqmin3%2FSnVA%3D%3D&trackingId=RHSsVI3rv6OJwgbxoUyKGQ%3D%3D&position=11&pageNum=0&trk=public_jobs_jserp-result_search-card"">Apply</a>"
Associate Software Engineer Intern,WebGo Software Labs,India,"<a href=""https://in.linkedin.com/jobs/view/associate-software-engineer-intern-at-webgo-software-labs-3788336038?refId=nMksRvFXJ%2BPNqmin3%2FSnVA%3D%3D&trackingId=orvHQ8KEbGadOUUdlI6dgQ%3D%3D&position=12&pageNum=0&trk=public_jobs_jserp-result_search-card"">Apply</a>"
Software Development Engineer 1,AMD,"Bengaluru, Karnataka, India","<a href=""https://in.linkedin.com/jobs/view/software-development-engineer-1-at-amd-3782835967?refId=nMksRvFXJ%2BPNqmin3%2FSnVA%3D%3D&trackingId=TMN947SUAofFL1TGJIrVXw%3D%3D&position=13&pageNum=0&trk=public_jobs_jserp-result_search-card"">Apply</a>"
Software Engineer,CareerXperts Consulting,India,"<a href=""https://in.linkedin.com/jobs/view/software-engineer-at-careerxperts-consulting-3786061555?refId=nMksRvFXJ%2BPNqmin3%2FSnVA%3D%3D&trackingId=h3ZoeB7TROmwlkHLBvehRg%3D%3D&position=14&pageNum=0&trk=public_jobs_jserp-result_search-card"">Apply</a>"
Azure Developer/Data Engineer - SQL/Python,WorkiFicient,"Pune, Maharashtra, India","<a href=""https://in.linkedin.com/jobs/view/azure-developer-data-engineer-sql-python-at-workificient-3782844345?refId=nMksRvFXJ%2BPNqmin3%2FSnVA%3D%3D&trackingId=67cj12W8gFuPdi9egrJ97A%3D%3D&position=15&pageNum=0&trk=public_jobs_jserp-result_search-card"">Apply</a>"
Software Development Engineer 1,AMD,"Hyderabad, Telangana, India","<a href=""https://in.linkedin.com/jobs/view/software-development-engineer-1-at-amd-3782844317?refId=nMksRvFXJ%2BPNqmin3%2FSnVA%3D%3D&trackingId=pmE5rEvMmf4E5FwYVRpJSQ%3D%3D&position=16&pageNum=0&trk=public_jobs_jserp-result_search-card"">Apply</a>"
Data Engineer,The Brain Hawk Consultant,"Jaipur, Rajasthan, India","<a href=""https://in.linkedin.com/jobs/view/data-engineer-at-the-brain-hawk-consultant-3782811800?refId=nMksRvFXJ%2BPNqmin3%2FSnVA%3D%3D&trackingId=blRFJiiswMTe3qUxjKWPXA%3D%3D&position=17&pageNum=0&trk=public_jobs_jserp-result_search-card"">Apply</a>"
Software Design Engineer- Lightning job by Cutshort ⚡,OnlineSales.ai,"Pune, Maharashtra, India","<a href=""https://in.linkedin.com/jobs/view/software-design-engineer-lightning-job-by-cutshort-%E2%9A%A1-at-onlinesales-ai-3786083734?refId=nMksRvFXJ%2BPNqmin3%2FSnVA%3D%3D&trackingId=mv4nqc3M%2FVWJZKR5yubsbg%3D%3D&position=18&pageNum=0&trk=public_jobs_jserp-result_search-card"">Apply</a>"
Customer Data Analyst,Poppulo,Greater Bengaluru Area,"<a href=""https://in.linkedin.com/jobs/view/customer-data-analyst-at-poppulo-3785753043?refId=nMksRvFXJ%2BPNqmin3%2FSnVA%3D%3D&trackingId=T13SP%2FrTHmNBK6L2Bbi1Ag%3D%3D&position=19&pageNum=0&trk=public_jobs_jserp-result_search-card"">Apply</a>"
Software Engineer,GoGroup,"Noida, Uttar Pradesh, India","<a href=""https://in.linkedin.com/jobs/view/software-engineer-at-gogroup-3782834571?refId=nMksRvFXJ%2BPNqmin3%2FSnVA%3D%3D&trackingId=Sf6cgl0sqWCAFSdScoE0TA%3D%3D&position=20&pageNum=0&trk=public_jobs_jserp-result_search-card"">Apply</a>"
Azure Data Engineer,Unijob Solution & Training Pvt Ltd,"Mumbai, Maharashtra, India","<a href=""https://in.linkedin.com/jobs/view/azure-data-engineer-at-unijob-solution-training-pvt-ltd-3782821549?refId=nMksRvFXJ%2BPNqmin3%2FSnVA%3D%3D&trackingId=OZH%2F7EGGKP8VKSfZ1OfiVQ%3D%3D&position=21&pageNum=0&trk=public_jobs_jserp-result_search-card"">Apply</a>"
data analyst,esyconnect career,India,"<a href=""https://in.linkedin.com/jobs/view/data-analyst-at-esyconnect-career-3782855398?refId=nMksRvFXJ%2BPNqmin3%2FSnVA%3D%3D&trackingId=LmdJpDPZspjN28lfhrVqNg%3D%3D&position=22&pageNum=0&trk=public_jobs_jserp-result_search-card"">Apply</a>"
Software Engineer,Unicode Systems,"Lucknow, Uttar Pradesh, India","<a href=""https://in.linkedin.com/jobs/view/software-engineer-at-unicode-systems-3782836475?refId=nMksRvFXJ%2BPNqmin3%2FSnVA%3D%3D&trackingId=fTwPxBjR1EKNezF6KOuxeg%3D%3D&position=23&pageNum=0&trk=public_jobs_jserp-result_search-card"">Apply</a>"
Software Engineer 1 - QA Engineer,Digital Green,"Bengaluru, Karnataka, India","<a href=""https://in.linkedin.com/jobs/view/software-engineer-1-qa-engineer-at-digital-green-3787741411?refId=nMksRvFXJ%2BPNqmin3%2FSnVA%3D%3D&trackingId=aulPwjxP5vKVBgIYyqNpSQ%3D%3D&position=24&pageNum=0&trk=public_jobs_jserp-result_search-card"">Apply</a>"
Data Engineer,GoGroup,"Noida, Uttar Pradesh, India","<a href=""https://in.linkedin.com/jobs/view/data-engineer-at-gogroup-3782834591?refId=4u%2FNzSz122ftOqKHNNAw3w%3D%3D&trackingId=IWvSGfBESUVa94OH2gdBFw%3D%3D&position=1&pageNum=0&trk=public_jobs_jserp-result_search-card"">Apply</a>"
Data Engineer - AWS,Kezan Consulting- A Unit of Kezan India Private Limited,"Mumbai, Maharashtra, India","<a href=""https://in.linkedin.com/jobs/view/data-engineer-aws-at-kezan-consulting-a-unit-of-kezan-india-private-limited-3787947834?refId=4u%2FNzSz122ftOqKHNNAw3w%3D%3D&trackingId=SAj0bAq8z2jJy15ou64LgA%3D%3D&position=2&pageNum=0&trk=public_jobs_jserp-result_search-card"">Apply</a>"
Database Engineer,West Technology Group,"Bengaluru, Karnataka, India","<a href=""https://in.linkedin.com/jobs/view/database-engineer-at-west-technology-group-3766706974?refId=4u%2FNzSz122ftOqKHNNAw3w%3D%3D&trackingId=udl5jP0esCOL5mH6MOQ6NA%3D%3D&position=3&pageNum=0&trk=public_jobs_jserp-result_search-card"">Apply</a>"
Software Engineer - Entry Level - Java,Xybion Digital,"Chennai, Tamil Nadu, India","<a href=""https://in.linkedin.com/jobs/view/software-engineer-entry-level-java-at-xybion-digital-3787789341?refId=4u%2FNzSz122ftOqKHNNAw3w%3D%3D&trackingId=YHKF%2FLSiT%2F3Hx47ar8%2FeSg%3D%3D&position=4&pageNum=0&trk=public_jobs_jserp-result_search-card"">Apply</a>"
Data Engineer,Trigyn Technologies,"Bengaluru, Karnataka, India","<a href=""https://in.linkedin.com/jobs/view/data-engineer-at-trigyn-technologies-3785770934?refId=4u%2FNzSz122ftOqKHNNAw3w%3D%3D&trackingId=TTwuH0U%2FUiIiHqhpxSLH5Q%3D%3D&position=5&pageNum=0&trk=public_jobs_jserp-result_search-card"">Apply</a>"
Data Analyst - Python,Tulā Capital,India,"<a href=""https://in.linkedin.com/jobs/view/data-analyst-python-at-tul%C4%81-capital-3786090959?refId=4u%2FNzSz122ftOqKHNNAw3w%3D%3D&trackingId=fyJ5YHsyGQvo6ipR7wWWjg%3D%3D&position=6&pageNum=0&trk=public_jobs_jserp-result_search-card"">Apply</a>"
Snowflake Developer/Data Engineer - SQL/Python,WorkiFicient,"Pune, Maharashtra, India","<a href=""https://in.linkedin.com/jobs/view/snowflake-developer-data-engineer-sql-python-at-workificient-3782845183?refId=4u%2FNzSz122ftOqKHNNAw3w%3D%3D&trackingId=NZLm0oGVcYNqDiYCLzOI%2FQ%3D%3D&position=7&pageNum=0&trk=public_jobs_jserp-result_search-card"">Apply</a>"
Data Analyst,PERSOLKELLY,"Chennai, Tamil Nadu, India","<a href=""https://in.linkedin.com/jobs/view/data-analyst-at-persolkelly-3786039755?refId=4u%2FNzSz122ftOqKHNNAw3w%3D%3D&trackingId=7JUsPh%2FAhreW6l13R0YWAA%3D%3D&position=8&pageNum=0&trk=public_jobs_jserp-result_search-card"">Apply</a>"
Associate Software Engineer Intern,WebGo Software Labs,India,"<a href=""https://in.linkedin.com/jobs/view/associate-software-engineer-intern-at-webgo-software-labs-3788336038?refId=4u%2FNzSz122ftOqKHNNAw3w%3D%3D&trackingId=k1bcW4mVVG2w0kcuxZGdHQ%3D%3D&position=9&pageNum=0&trk=public_jobs_jserp-result_search-card"">Apply</a>"
Software Development Engineer 1,AMD,"Bengaluru, Karnataka, India","<a href=""https://in.linkedin.com/jobs/view/software-development-engineer-1-at-amd-3782835967?refId=4u%2FNzSz122ftOqKHNNAw3w%3D%3D&trackingId=IWkoUX3RtVgN7wq%2Bz1SBsg%3D%3D&position=10&pageNum=0&trk=public_jobs_jserp-result_search-card"">Apply</a>"
Azure Developer/Data Engineer - SQL/Python,WorkiFicient,"Pune, Maharashtra, India","<a href=""https://in.linkedin.com/jobs/view/azure-developer-data-engineer-sql-python-at-workificient-3782844345?refId=4u%2FNzSz122ftOqKHNNAw3w%3D%3D&trackingId=gFns28jO7QCtYKc3BjXIDQ%3D%3D&position=11&pageNum=0&trk=public_jobs_jserp-result_search-card"">Apply</a>"
Data Engineer,The Brain Hawk Consultant,"Jaipur, Rajasthan, India","<a href=""https://in.linkedin.com/jobs/view/data-engineer-at-the-brain-hawk-consultant-3782811800?refId=4u%2FNzSz122ftOqKHNNAw3w%3D%3D&trackingId=w4QDP3ixCFOXGmm36qqqyg%3D%3D&position=12&pageNum=0&trk=public_jobs_jserp-result_search-card"">Apply</a>"
Software Design Engineer- Lightning job by Cutshort ⚡,OnlineSales.ai,"Pune, Maharashtra, India","<a href=""https://in.linkedin.com/jobs/view/software-design-engineer-lightning-job-by-cutshort-%E2%9A%A1-at-onlinesales-ai-3786083734?refId=4u%2FNzSz122ftOqKHNNAw3w%3D%3D&trackingId=77j02L23U319o1D25kQkVA%3D%3D&position=13&pageNum=0&trk=public_jobs_jserp-result_search-card"">Apply</a>"
Customer Data Analyst,Poppulo,Greater Bengaluru Area,"<a href=""https://in.linkedin.com/jobs/view/customer-data-analyst-at-poppulo-3785753043?refId=4u%2FNzSz122ftOqKHNNAw3w%3D%3D&trackingId=GdInsUxRn0C49iGm1%2BE7Xg%3D%3D&position=14&pageNum=0&trk=public_jobs_jserp-result_search-card"">Apply</a>"
Software Engineer,GoGroup,"Noida, Uttar Pradesh, India","<a href=""https://in.linkedin.com/jobs/view/software-engineer-at-gogroup-3782834571?refId=4u%2FNzSz122ftOqKHNNAw3w%3D%3D&trackingId=wkMsWXmv8iagoEYL1%2BrOOg%3D%3D&position=15&pageNum=0&trk=public_jobs_jserp-result_search-card"">Apply</a>"
Azure Data Engineer,Unijob Solution & Training Pvt Ltd,"Mumbai, Maharashtra, India","<a href=""https://in.linkedin.com/jobs/view/azure-data-engineer-at-unijob-solution-training-pvt-ltd-3782821549?refId=4u%2FNzSz122ftOqKHNNAw3w%3D%3D&trackingId=ZSyEL449vhsdLRUyS%2BNAaw%3D%3D&position=16&pageNum=0&trk=public_jobs_jserp-result_search-card"">Apply</a>"
data analyst,esyconnect career,India,"<a href=""https://in.linkedin.com/jobs/view/data-analyst-at-esyconnect-career-3782855398?refId=4u%2FNzSz122ftOqKHNNAw3w%3D%3D&trackingId=WaQEho4mG1TwRaM48bPkDQ%3D%3D&position=17&pageNum=0&trk=public_jobs_jserp-result_search-card"">Apply</a>"
Software Engineer,Unicode Systems,"Lucknow, Uttar Pradesh, India","<a href=""https://in.linkedin.com/jobs/view/software-engineer-at-unicode-systems-3782836475?refId=4u%2FNzSz122ftOqKHNNAw3w%3D%3D&trackingId=QnA0qFsFJc8se%2FnpBVrg5Q%3D%3D&position=18&pageNum=0&trk=public_jobs_jserp-result_search-card"">Apply</a>"
Software Engineer 1 - QA Engineer,Digital Green,"Bengaluru, Karnataka, India","<a href=""https://in.linkedin.com/jobs/view/software-engineer-1-qa-engineer-at-digital-green-3787741411?refId=4u%2FNzSz122ftOqKHNNAw3w%3D%3D&trackingId=hzLusFi9xKbg2zXZrih%2BfA%3D%3D&position=19&pageNum=0&trk=public_jobs_jserp-result_search-card"">Apply</a>"
"Databricks, Pyspark, Spark,Python, Azure data technologies, SQL.",Fusion Plus Solutions Inc,"Hyderabad, Telangana, India","<a href=""https://in.linkedin.com/jobs/view/databricks-pyspark-spark-python-azure-data-technologies-sql-at-fusion-plus-solutions-inc-3782826386?refId=4u%2FNzSz122ftOqKHNNAw3w%3D%3D&trackingId=OdZaAGhEVigKoyvZK0XlSA%3D%3D&position=20&pageNum=0&trk=public_jobs_jserp-result_search-card"">Apply</a>"
Software Engineer,ByteBees,India,"<a href=""https://in.linkedin.com/jobs/view/software-engineer-at-bytebees-3788340553?refId=4u%2FNzSz122ftOqKHNNAw3w%3D%3D&trackingId=i3Zn634I2D8ppyU2AsVXKg%3D%3D&position=21&pageNum=0&trk=public_jobs_jserp-result_search-card"">Apply</a>"
AWS Data Engineer - Python/PySpark,Marktine Technology Solutions Pvt Ltd,Greater Kolkata Area,"<a href=""https://in.linkedin.com/jobs/view/aws-data-engineer-python-pyspark-at-marktine-technology-solutions-pvt-ltd-3782843356?refId=4u%2FNzSz122ftOqKHNNAw3w%3D%3D&trackingId=lGdLhlh3W5yYxTLZkA6OoA%3D%3D&position=22&pageNum=0&trk=public_jobs_jserp-result_search-card"">Apply</a>"
Interesting Job Opportunity: Nerdapplabs - Data Engineer - Google Cloud Platform,nerdAppLabs Software Solutions Private Limited,"Noida, Uttar Pradesh, India","<a href=""https://in.linkedin.com/jobs/view/interesting-job-opportunity-nerdapplabs-data-engineer-google-cloud-platform-at-nerdapplabs-software-solutions-private-limited-3782840870?refId=4u%2FNzSz122ftOqKHNNAw3w%3D%3D&trackingId=sKt5uaoSGeAVsp3gf2f3VA%3D%3D&position=23&pageNum=0&trk=public_jobs_jserp-result_search-card"">Apply</a>"
Software Engineer (15-40LPA),Mercor,India,"<a href=""https://in.linkedin.com/jobs/view/software-engineer-15-40lpa-at-mercor-3775425503?refId=4u%2FNzSz122ftOqKHNNAw3w%3D%3D&trackingId=DFbOwiKqQSPBsILqYf6oeQ%3D%3D&position=24&pageNum=0&trk=public_jobs_jserp-result_search-card"">Apply</a>"
Software Engineer - Java,First Advantage,"Bengaluru, Karnataka, India","<a href=""https://in.linkedin.com/jobs/view/software-engineer-java-at-first-advantage-3787783616?refId=4u%2FNzSz122ftOqKHNNAw3w%3D%3D&trackingId=zW6HMbKVjh03%2Bwoa8sxJlA%3D%3D&position=25&pageNum=0&trk=public_jobs_jserp-result_search-card"">Apply</a>"
Title,Company,Location,Apply
Data Engineer,GoGroup,"Noida, Uttar Pradesh, India","<a href=""https://in.linkedin.com/jobs/view/data-engineer-at-gogroup-3782834591?refId=mAgWrquGEaLc%2FZZhR4ED1g%3D%3D&trackingId=btS6RRyfGq9Gofd87SoYJA%3D%3D&position=1&pageNum=0&trk=public_jobs_jserp-result_search-card"">Apply</a>"
Data Analyst,AllRemote,India,"<a href=""https://in.linkedin.com/jobs/view/data-analyst-at-allremote-3786307629?refId=mAgWrquGEaLc%2FZZhR4ED1g%3D%3D&trackingId=cWQ8%2FyNIgesRCyxZY1JCoQ%3D%3D&position=2&pageNum=0&trk=public_jobs_jserp-result_search-card"">Apply</a>"
Data Engineer - AWS,Kezan Consulting- A Unit of Kezan India Private Limited,"Mumbai, Maharashtra, India","<a href=""https://in.linkedin.com/jobs/view/data-engineer-aws-at-kezan-consulting-a-unit-of-kezan-india-private-limited-3787947834?refId=mAgWrquGEaLc%2FZZhR4ED1g%3D%3D&trackingId=RToFgZLG1%2BYN94gM84Q0lg%3D%3D&position=3&pageNum=0&trk=public_jobs_jserp-result_search-card"">Apply</a>"
Database Engineer,West Technology Group,"Bengaluru, Karnataka, India","<a href=""https://in.linkedin.com/jobs/view/database-engineer-at-west-technology-group-3766706974?refId=mAgWrquGEaLc%2FZZhR4ED1g%3D%3D&trackingId=smJUB4ubc0nh7eUWzo8dsA%3D%3D&position=4&pageNum=0&trk=public_jobs_jserp-result_search-card"">Apply</a>"
Software Engineer - Entry Level - Java,Xybion Digital,"Chennai, Tamil Nadu, India","<a href=""https://in.linkedin.com/jobs/view/software-engineer-entry-level-java-at-xybion-digital-3787789341?refId=mAgWrquGEaLc%2FZZhR4ED1g%3D%3D&trackingId=5T37uH%2FYlPWTTeqndT270g%3D%3D&position=5&pageNum=0&trk=public_jobs_jserp-result_search-card"">Apply</a>"
Data Engineer,Trigyn Technologies,"Bengaluru, Karnataka, India","<a href=""https://in.linkedin.com/jobs/view/data-engineer-at-trigyn-technologies-3785770934?refId=mAgWrquGEaLc%2FZZhR4ED1g%3D%3D&trackingId=ADEpaOmybFCkRslwMReAeA%3D%3D&position=6&pageNum=0&trk=public_jobs_jserp-result_search-card"">Apply</a>"
Data Analyst - Python,Tulā Capital,India,"<a href=""https://in.linkedin.com/jobs/view/data-analyst-python-at-tul%C4%81-capital-3786090959?refId=mAgWrquGEaLc%2FZZhR4ED1g%3D%3D&trackingId=uFE%2F552YlnFrJW1Gl0%2Bz%2FA%3D%3D&position=7&pageNum=0&trk=public_jobs_jserp-result_search-card"">Apply</a>"
Associate Software Engineer,CareerXperts Consulting,India,"<a href=""https://in.linkedin.com/jobs/view/associate-software-engineer-at-careerxperts-consulting-3786057913?refId=mAgWrquGEaLc%2FZZhR4ED1g%3D%3D&trackingId=ltOwh6w4kHw%2F2PFt3B%2BSdA%3D%3D&position=8&pageNum=0&trk=public_jobs_jserp-result_search-card"">Apply</a>"
Snowflake Developer/Data Engineer - SQL/Python,WorkiFicient,"Pune, Maharashtra, India","<a href=""https://in.linkedin.com/jobs/view/snowflake-developer-data-engineer-sql-python-at-workificient-3782845183?refId=mAgWrquGEaLc%2FZZhR4ED1g%3D%3D&trackingId=9zyg5oqdpr3EGMua0x8ycw%3D%3D&position=9&pageNum=0&trk=public_jobs_jserp-result_search-card"">Apply</a>"
Data Analyst,PERSOLKELLY,"Chennai, Tamil Nadu, India","<a href=""https://in.linkedin.com/jobs/view/data-analyst-at-persolkelly-3786039755?refId=mAgWrquGEaLc%2FZZhR4ED1g%3D%3D&trackingId=2ChoN%2F%2Fl4A0ZOnw2y%2FF0Eg%3D%3D&position=10&pageNum=0&trk=public_jobs_jserp-result_search-card"">Apply</a>"
Data Analyst,GoodSpace,India,"<a href=""https://in.linkedin.com/jobs/view/data-analyst-at-goodspace-3782828218?refId=mAgWrquGEaLc%2FZZhR4ED1g%3D%3D&trackingId=TRd%2BpVye4TdsB5fd4g6pGA%3D%3D&position=11&pageNum=0&trk=public_jobs_jserp-result_search-card"">Apply</a>"
Associate Software Engineer Intern,WebGo Software Labs,India,"<a href=""https://in.linkedin.com/jobs/view/associate-software-engineer-intern-at-webgo-software-labs-3788336038?refId=mAgWrquGEaLc%2FZZhR4ED1g%3D%3D&trackingId=4Ge90PSiWo7eaWkNf1WTxA%3D%3D&position=12&pageNum=0&trk=public_jobs_jserp-result_search-card"">Apply</a>"
Software Development Engineer 1,AMD,"Bengaluru, Karnataka, India","<a href=""https://in.linkedin.com/jobs/view/software-development-engineer-1-at-amd-3782835967?refId=mAgWrquGEaLc%2FZZhR4ED1g%3D%3D&trackingId=nvNozJpoilwtejo8l3YrpA%3D%3D&position=13&pageNum=0&trk=public_jobs_jserp-result_search-card"">Apply</a>"
Software Engineer,CareerXperts Consulting,India,"<a href=""https://in.linkedin.com/jobs/view/software-engineer-at-careerxperts-consulting-3786061555?refId=mAgWrquGEaLc%2FZZhR4ED1g%3D%3D&trackingId=X8ypIxXJGK4S1M7MYcpv6A%3D%3D&position=14&pageNum=0&trk=public_jobs_jserp-result_search-card"">Apply</a>"
Azure Developer/Data Engineer - SQL/Python,WorkiFicient,"Pune, Maharashtra, India","<a href=""https://in.linkedin.com/jobs/view/azure-developer-data-engineer-sql-python-at-workificient-3782844345?refId=mAgWrquGEaLc%2FZZhR4ED1g%3D%3D&trackingId=ZMfbTjQPFJqSBCXAreKrRA%3D%3D&position=15&pageNum=0&trk=public_jobs_jserp-result_search-card"">Apply</a>"
Software Development Engineer 1,AMD,"Hyderabad, Telangana, India","<a href=""https://in.linkedin.com/jobs/view/software-development-engineer-1-at-amd-3782844317?refId=mAgWrquGEaLc%2FZZhR4ED1g%3D%3D&trackingId=XIr5XXx%2B2Qbvqgc16Dwclw%3D%3D&position=16&pageNum=0&trk=public_jobs_jserp-result_search-card"">Apply</a>"
Data Engineer,The Brain Hawk Consultant,"Jaipur, Rajasthan, India","<a href=""https://in.linkedin.com/jobs/view/data-engineer-at-the-brain-hawk-consultant-3782811800?refId=mAgWrquGEaLc%2FZZhR4ED1g%3D%3D&trackingId=M2hkBiO9uXEKAG2G5j8C5w%3D%3D&position=17&pageNum=0&trk=public_jobs_jserp-result_search-card"">Apply</a>"
Software Design Engineer- Lightning job by Cutshort ⚡,OnlineSales.ai,"Pune, Maharashtra, India","<a href=""https://in.linkedin.com/jobs/view/software-design-engineer-lightning-job-by-cutshort-%E2%9A%A1-at-onlinesales-ai-3786083734?refId=mAgWrquGEaLc%2FZZhR4ED1g%3D%3D&trackingId=lXb9u54hdoRrwyHg05hcQg%3D%3D&position=18&pageNum=0&trk=public_jobs_jserp-result_search-card"">Apply</a>"
Customer Data Analyst,Poppulo,Greater Bengaluru Area,"<a href=""https://in.linkedin.com/jobs/view/customer-data-analyst-at-poppulo-3785753043?refId=mAgWrquGEaLc%2FZZhR4ED1g%3D%3D&trackingId=umAqECmuJIoZAqSW6DClKg%3D%3D&position=19&pageNum=0&trk=public_jobs_jserp-result_search-card"">Apply</a>"
Software Engineer,GoGroup,"Noida, Uttar Pradesh, India","<a href=""https://in.linkedin.com/jobs/view/software-engineer-at-gogroup-3782834571?refId=mAgWrquGEaLc%2FZZhR4ED1g%3D%3D&trackingId=UUSGeRwVvCm2C2gC3DZdEA%3D%3D&position=20&pageNum=0&trk=public_jobs_jserp-result_search-card"">Apply</a>"
Azure Data Engineer,Unijob Solution & Training Pvt Ltd,"Mumbai, Maharashtra, India","<a href=""https://in.linkedin.com/jobs/view/azure-data-engineer-at-unijob-solution-training-pvt-ltd-3782821549?refId=mAgWrquGEaLc%2FZZhR4ED1g%3D%3D&trackingId=IEB13KRx5b9RqTC9owbSGw%3D%3D&position=21&pageNum=0&trk=public_jobs_jserp-result_search-card"">Apply</a>"
data analyst,esyconnect career,India,"<a href=""https://in.linkedin.com/jobs/view/data-analyst-at-esyconnect-career-3782855398?refId=mAgWrquGEaLc%2FZZhR4ED1g%3D%3D&trackingId=Xyxcs7N%2FEM5gW8p9B2A60Q%3D%3D&position=22&pageNum=0&trk=public_jobs_jserp-result_search-card"">Apply</a>"
Software Engineer,Unicode Systems,"Lucknow, Uttar Pradesh, India","<a href=""https://in.linkedin.com/jobs/view/software-engineer-at-unicode-systems-3782836475?refId=mAgWrquGEaLc%2FZZhR4ED1g%3D%3D&trackingId=Jp%2B5lgNahszQNZFRZNEB2Q%3D%3D&position=23&pageNum=0&trk=public_jobs_jserp-result_search-card"">Apply</a>"
Software Engineer 1 - QA Engineer,Digital Green,"Bengaluru, Karnataka, India","<a href=""https://in.linkedin.com/jobs/view/software-engineer-1-qa-engineer-at-digital-green-3787741411?refId=mAgWrquGEaLc%2FZZhR4ED1g%3D%3D&trackingId=1kAHZPiXzk6AQ%2FC%2F9WeerA%3D%3D&position=24&pageNum=0&trk=public_jobs_jserp-result_search-card"">Apply</a>"
Data Engineer,GoGroup,"Noida, Uttar Pradesh, India","<a href=""https://in.linkedin.com/jobs/view/data-engineer-at-gogroup-3782834591?refId=9rhBwniTD%2BbcOU%2F%2BXke3zg%3D%3D&trackingId=scOW%2B%2Fms%2BVsao91iID8Bxg%3D%3D&position=1&pageNum=0&trk=public_jobs_jserp-result_search-card"">Apply</a>"
Data Engineer,Trigyn Technologies,"Bengaluru, Karnataka, India","<a href=""https://in.linkedin.com/jobs/view/data-engineer-at-trigyn-technologies-3785770934?refId=9rhBwniTD%2BbcOU%2F%2BXke3zg%3D%3D&trackingId=oECaCY1P%2BOQkS4EYCZ1D%2FQ%3D%3D&position=2&pageNum=0&trk=public_jobs_jserp-result_search-card"">Apply</a>"
Data Engineer - AWS,Kezan Consulting- A Unit of Kezan India Private Limited,"Mumbai, Maharashtra, India","<a href=""https://in.linkedin.com/jobs/view/data-engineer-aws-at-kezan-consulting-a-unit-of-kezan-india-private-limited-3787947834?refId=9rhBwniTD%2BbcOU%2F%2BXke3zg%3D%3D&trackingId=8u7b5%2BUXEfEHVFY7%2FnFQxw%3D%3D&position=3&pageNum=0&trk=public_jobs_jserp-result_search-card"">Apply</a>"
Database Engineer,West Technology Group,"Bengaluru, Karnataka, India","<a href=""https://in.linkedin.com/jobs/view/database-engineer-at-west-technology-group-3766706974?refId=9rhBwniTD%2BbcOU%2F%2BXke3zg%3D%3D&trackingId=uYXdmegU9BAmE%2FNmP0gfKg%3D%3D&position=4&pageNum=0&trk=public_jobs_jserp-result_search-card"">Apply</a>"
Software Engineer - Entry Level - Java,Xybion Digital,"Chennai, Tamil Nadu, India","<a href=""https://in.linkedin.com/jobs/view/software-engineer-entry-level-java-at-xybion-digital-3787789341?refId=9rhBwniTD%2BbcOU%2F%2BXke3zg%3D%3D&trackingId=weIEBG4Mc6JxZZX%2BRRlzqg%3D%3D&position=5&pageNum=0&trk=public_jobs_jserp-result_search-card"">Apply</a>"
Data Analyst - Python,Tulā Capital,India,"<a href=""https://in.linkedin.com/jobs/view/data-analyst-python-at-tul%C4%81-capital-3786090959?refId=9rhBwniTD%2BbcOU%2F%2BXke3zg%3D%3D&trackingId=ad0GxumVNC6p0S8UqWXnHQ%3D%3D&position=6&pageNum=0&trk=public_jobs_jserp-result_search-card"">Apply</a>"
Snowflake Developer/Data Engineer - SQL/Python,WorkiFicient,"Pune, Maharashtra, India","<a href=""https://in.linkedin.com/jobs/view/snowflake-developer-data-engineer-sql-python-at-workificient-3782845183?refId=9rhBwniTD%2BbcOU%2F%2BXke3zg%3D%3D&trackingId=g9t3tODYGY3nyfHpGDB0Ww%3D%3D&position=7&pageNum=0&trk=public_jobs_jserp-result_search-card"">Apply</a>"
Data Analyst,PERSOLKELLY,"Chennai, Tamil Nadu, India","<a href=""https://in.linkedin.com/jobs/view/data-analyst-at-persolkelly-3786039755?refId=9rhBwniTD%2BbcOU%2F%2BXke3zg%3D%3D&trackingId=QDU%2B9bh9XLNIXR43uFI%2BGA%3D%3D&position=8&pageNum=0&trk=public_jobs_jserp-result_search-card"">Apply</a>"
Associate Software Engineer Intern,WebGo Software Labs,India,"<a href=""https://in.linkedin.com/jobs/view/associate-software-engineer-intern-at-webgo-software-labs-3788336038?refId=9rhBwniTD%2BbcOU%2F%2BXke3zg%3D%3D&trackingId=ModtwxxQBQABNXBdNOfHnw%3D%3D&position=9&pageNum=0&trk=public_jobs_jserp-result_search-card"">Apply</a>"
Azure Developer/Data Engineer - SQL/Python,WorkiFicient,"Pune, Maharashtra, India","<a href=""https://in.linkedin.com/jobs/view/azure-developer-data-engineer-sql-python-at-workificient-3782844345?refId=9rhBwniTD%2BbcOU%2F%2BXke3zg%3D%3D&trackingId=U4Y9Bmp3lwARq3p8m4aOxg%3D%3D&position=10&pageNum=0&trk=public_jobs_jserp-result_search-card"">Apply</a>"
Data Engineer,The Brain Hawk Consultant,"Jaipur, Rajasthan, India","<a href=""https://in.linkedin.com/jobs/view/data-engineer-at-the-brain-hawk-consultant-3782811800?refId=9rhBwniTD%2BbcOU%2F%2BXke3zg%3D%3D&trackingId=xvtobmviPV%2Fv6j%2FaZDIZYA%3D%3D&position=11&pageNum=0&trk=public_jobs_jserp-result_search-card"">Apply</a>"
Software Engineer,Unicode Systems,"Lucknow, Uttar Pradesh, India","<a href=""https://in.linkedin.com/jobs/view/software-engineer-at-unicode-systems-3782836475?refId=9rhBwniTD%2BbcOU%2F%2BXke3zg%3D%3D&trackingId=TE3rzK2IKhqwJLmlvUt1Xg%3D%3D&position=12&pageNum=0&trk=public_jobs_jserp-result_search-card"">Apply</a>"
Software Design Engineer- Lightning job by Cutshort ⚡,OnlineSales.ai,"Pune, Maharashtra, India","<a href=""https://in.linkedin.com/jobs/view/software-design-engineer-lightning-job-by-cutshort-%E2%9A%A1-at-onlinesales-ai-3786083734?refId=9rhBwniTD%2BbcOU%2F%2BXke3zg%3D%3D&trackingId=KSpu%2BQbhpUoqKqxdUIvDXQ%3D%3D&position=13&pageNum=0&trk=public_jobs_jserp-result_search-card"">Apply</a>"
Software Development Engineer 1,AMD,"Bengaluru, Karnataka, India","<a href=""https://in.linkedin.com/jobs/view/software-development-engineer-1-at-amd-3782835967?refId=9rhBwniTD%2BbcOU%2F%2BXke3zg%3D%3D&trackingId=orIoRW3UUFF0pqjWy3OoCA%3D%3D&position=14&pageNum=0&trk=public_jobs_jserp-result_search-card"">Apply</a>"
Customer Data Analyst,Poppulo,Greater Bengaluru Area,"<a href=""https://in.linkedin.com/jobs/view/customer-data-analyst-at-poppulo-3785753043?refId=9rhBwniTD%2BbcOU%2F%2BXke3zg%3D%3D&trackingId=H3JloI1qWmI%2FQ%2Bi49A7a5g%3D%3D&position=15&pageNum=0&trk=public_jobs_jserp-result_search-card"">Apply</a>"
Azure Data Engineer,Unijob Solution & Training Pvt Ltd,"Mumbai, Maharashtra, India","<a href=""https://in.linkedin.com/jobs/view/azure-data-engineer-at-unijob-solution-training-pvt-ltd-3782821549?refId=9rhBwniTD%2BbcOU%2F%2BXke3zg%3D%3D&trackingId=ztuoUN7pCwG0CRV2dqtiZQ%3D%3D&position=16&pageNum=0&trk=public_jobs_jserp-result_search-card"">Apply</a>"
Software Engineer 1 - QA Engineer,Digital Green,"Bengaluru, Karnataka, India","<a href=""https://in.linkedin.com/jobs/view/software-engineer-1-qa-engineer-at-digital-green-3787741411?refId=9rhBwniTD%2BbcOU%2F%2BXke3zg%3D%3D&trackingId=ajvkMcPo3HC%2FhrnagiBKhA%3D%3D&position=17&pageNum=0&trk=public_jobs_jserp-result_search-card"">Apply</a>"
"Databricks, Pyspark, Spark,Python, Azure data technologies, SQL.",Fusion Plus Solutions Inc,"Hyderabad, Telangana, India","<a href=""https://in.linkedin.com/jobs/view/databricks-pyspark-spark-python-azure-data-technologies-sql-at-fusion-plus-solutions-inc-3782826386?refId=9rhBwniTD%2BbcOU%2F%2BXke3zg%3D%3D&trackingId=DoqfE6%2BZri4KUkGgrw%2BS0A%3D%3D&position=18&pageNum=0&trk=public_jobs_jserp-result_search-card"">Apply</a>"
AWS Data Engineer - Python/PySpark,Marktine Technology Solutions Pvt Ltd,Greater Kolkata Area,"<a href=""https://in.linkedin.com/jobs/view/aws-data-engineer-python-pyspark-at-marktine-technology-solutions-pvt-ltd-3782843356?refId=9rhBwniTD%2BbcOU%2F%2BXke3zg%3D%3D&trackingId=wqMTd4SsJcMWRjKGVW6fRA%3D%3D&position=19&pageNum=0&trk=public_jobs_jserp-result_search-card"">Apply</a>"
Interesting Job Opportunity: Nerdapplabs - Data Engineer - Google Cloud Platform,nerdAppLabs Software Solutions Private Limited,"Noida, Uttar Pradesh, India","<a href=""https://in.linkedin.com/jobs/view/interesting-job-opportunity-nerdapplabs-data-engineer-google-cloud-platform-at-nerdapplabs-software-solutions-private-limited-3782840870?refId=9rhBwniTD%2BbcOU%2F%2BXke3zg%3D%3D&trackingId=lKPTO%2F%2Fbo79bPHEfW33Dsw%3D%3D&position=20&pageNum=0&trk=public_jobs_jserp-result_search-card"">Apply</a>"
Software Engineer - Java,First Advantage,"Bengaluru, Karnataka, India","<a href=""https://in.linkedin.com/jobs/view/software-engineer-java-at-first-advantage-3787783616?refId=9rhBwniTD%2BbcOU%2F%2BXke3zg%3D%3D&trackingId=xl6i6LtahBi6k667zh3DUg%3D%3D&position=21&pageNum=0&trk=public_jobs_jserp-result_search-card"">Apply</a>"
Analyst Data Management,Sanofi,"Hyderabad, Telangana, India","<a href=""https://in.linkedin.com/jobs/view/analyst-data-management-at-sanofi-3787720361?refId=9rhBwniTD%2BbcOU%2F%2BXke3zg%3D%3D&trackingId=YvGpyzyGdeMHcbeQ3tTuSg%3D%3D&position=22&pageNum=0&trk=public_jobs_jserp-result_search-card"">Apply</a>"
Software Engineer,GoGroup,"Noida, Uttar Pradesh, India","<a href=""https://in.linkedin.com/jobs/view/software-engineer-at-gogroup-3782834571?refId=9rhBwniTD%2BbcOU%2F%2BXke3zg%3D%3D&trackingId=aF70JNvBbb24LH%2F%2Fm1D46Q%3D%3D&position=23&pageNum=0&trk=public_jobs_jserp-result_search-card"">Apply</a>"
Software Engineer (15-40LPA),Mercor,India,"<a href=""https://in.linkedin.com/jobs/view/software-engineer-15-40lpa-at-mercor-3775425503?refId=9rhBwniTD%2BbcOU%2F%2BXke3zg%3D%3D&trackingId=3Y%2FrlakvJAQcsZsaGxVwyg%3D%3D&position=24&pageNum=0&trk=public_jobs_jserp-result_search-card"">Apply</a>"
